-- phpMyAdmin SQL Dump
-- version 4.2.7.1
-- http://www.phpmyadmin.net
--
-- Host: 127.0.0.1
-- Generation Time: Apr 27, 2018 at 08:57 AM
-- Server version: 5.6.20
-- PHP Version: 5.5.15

SET SQL_MODE = "NO_AUTO_VALUE_ON_ZERO";
SET time_zone = "+00:00";


/*!40101 SET @OLD_CHARACTER_SET_CLIENT=@@CHARACTER_SET_CLIENT */;
/*!40101 SET @OLD_CHARACTER_SET_RESULTS=@@CHARACTER_SET_RESULTS */;
/*!40101 SET @OLD_COLLATION_CONNECTION=@@COLLATION_CONNECTION */;
/*!40101 SET NAMES utf8 */;

--
-- Database: `posdb`
--

-- --------------------------------------------------------

--
-- Table structure for table `category`
--

CREATE TABLE IF NOT EXISTS `category` (
`category_id` int(11) NOT NULL,
  `categoryname` varchar(100) NOT NULL,
  `description` varchar(200) NOT NULL
) ENGINE=InnoDB  DEFAULT CHARSET=latin1 AUTO_INCREMENT=72 ;

--
-- Dumping data for table `category`
--

INSERT INTO `category` (`category_id`, `categoryname`, `description`) VALUES
(53, 'CHAOYANG', 'November 6, 2017\r\n'),
(54, 'FEDERAL', 'October 2, 2017'),
(55, 'GRIPMAX', 'September 4, 2017'),
(56, 'HANKOOK', 'November 13, 2017'),
(57, 'INNOVATIVE', 'October 16, 2017'),
(58, 'MEGA', 'October 2, 2017'),
(59, 'MIRAGE PCR', 'August 4, 2017'),
(60, 'MIRAGE TBR', 'October 10, 2017'),
(61, 'VITOUR TIRES', 'September 4, 2017'),
(62, 'ROADSHINE PCR', 'October 09, 2017'),
(63, 'ROADSHINE TBR', 'October 09, 2017'),
(64, 'INNOVATIVE MOTORCYCLE TIRES', 'Luzon'),
(65, 'TIMSUN TYRE', 'October 02, 2017'),
(66, 'MEGA SUPER RIM', 'October 10, 2017'),
(67, 'TOPU', 'September 25, 2017'),
(68, 'BATTERY - 3K', 'September 25, 2017 - Luzon'),
(69, 'BATTERY - BLAZE', 'October 23, 2017 - Luzon'),
(70, 'BATTERY - TIGER', 'September 25, 2017'),
(71, 'OIL', 'Atlantic Grease and Lubricants');

-- --------------------------------------------------------

--
-- Table structure for table `customer`
--

CREATE TABLE IF NOT EXISTS `customer` (
`cust_id` int(11) NOT NULL,
  `companyname` varchar(200) NOT NULL,
  `lastname` varchar(100) NOT NULL,
  `firstname` varchar(100) NOT NULL,
  `contactno` varchar(20) NOT NULL,
  `tin_no` int(11) NOT NULL,
  `address` varchar(200) NOT NULL,
  `city` varchar(100) NOT NULL,
  `cust_type` int(11) NOT NULL,
  `bound` int(11) NOT NULL
) ENGINE=InnoDB  DEFAULT CHARSET=latin1 AUTO_INCREMENT=24 ;

--
-- Dumping data for table `customer`
--

INSERT INTO `customer` (`cust_id`, `companyname`, `lastname`, `firstname`, `contactno`, `tin_no`, `address`, `city`, `cust_type`, `bound`) VALUES
(1, '', 'walk-in customer', '', '', 0, '', '', 3, 0),
(15, 'JMY Corner', 'Maehem Javier', 'Marla', '09194749591', 0, 'Taft St., # 6 San Julian', 'City of Batac', 3, 24),
(16, 'Elies Gold Smith', 'Allan Bartolome', 'allan', '09201212458', 123654789, 'No. 1 San Lorenzo', 'Piddig', 2, 7),
(18, 'Builders Inc.', 'Paul Lorenz', 'Pocholo', '09178884545', 741852963, 'No. 8', 'Laoag City', 1, 1),
(19, 'Chocos Lechon', 'Nicole Arellano', 'Nicole', '09194567890', 0, 'No. 5 Samonte St.', 'San Nicolas', 4, 2),
(20, 'Private Entity', 'Lendell Chua', '', '09201234567', 0, 'No. 5', 'Piddig,Ilocos Norte', 1, 7),
(21, 'Jack'' Place', 'Jocel Tagatac', '', '09264545123', 0, 'No. 2 Ablan\r\n', 'City of Batac', 4, 24),
(22, 'Javier Trading Corp', 'Jan Javier', '', '09205641993', 0, 'No. 6 San Julian', 'City of Batac', 3, 24),
(23, 'TOPCOMS', 'Bonzee Castro', '', '09202122425', 0, 'Brgy. Aggay', 'Bantay', 2, 27);

-- --------------------------------------------------------

--
-- Table structure for table `delivery`
--

CREATE TABLE IF NOT EXISTS `delivery` (
`delivery_id` int(11) NOT NULL,
  `supplier_id` int(11) NOT NULL DEFAULT '12',
  `order_number` varchar(30) NOT NULL,
  `totalcost` double(10,2) NOT NULL DEFAULT '0.00',
  `deliverydate` datetime NOT NULL DEFAULT '0000-00-00 00:00:00',
  `date_received` datetime NOT NULL DEFAULT '0000-00-00 00:00:00'
) ENGINE=InnoDB  DEFAULT CHARSET=latin1 AUTO_INCREMENT=2 ;

--
-- Dumping data for table `delivery`
--

INSERT INTO `delivery` (`delivery_id`, `supplier_id`, `order_number`, `totalcost`, `deliverydate`, `date_received`) VALUES
(1, 13, 'PGN-SSH0000006248', 4942.00, '2018-01-08 00:00:00', '2018-01-13 00:00:00');

-- --------------------------------------------------------

--
-- Table structure for table `deliverydetails`
--

CREATE TABLE IF NOT EXISTS `deliverydetails` (
`deliverydetails_id` int(11) NOT NULL,
  `delivery_id` int(11) NOT NULL,
  `product_id` int(11) NOT NULL,
  `qty` int(11) NOT NULL,
  `unitcost` double(10,2) NOT NULL,
  `deliverycost` double(10,2) NOT NULL DEFAULT '0.00'
) ENGINE=InnoDB  DEFAULT CHARSET=latin1 AUTO_INCREMENT=3 ;

--
-- Dumping data for table `deliverydetails`
--

INSERT INTO `deliverydetails` (`deliverydetails_id`, `delivery_id`, `product_id`, `qty`, `unitcost`, `deliverycost`) VALUES
(1, 1, 503, 1, 1750.00, 1750.00),
(2, 1, 2518, 1, 3192.00, 3192.00);

-- --------------------------------------------------------

--
-- Table structure for table `deliveryset`
--

CREATE TABLE IF NOT EXISTS `deliveryset` (
`deliveryset_id` int(11) NOT NULL,
  `product_id` int(11) NOT NULL,
  `qty` int(11) NOT NULL,
  `unitcost` double(10,2) NOT NULL DEFAULT '0.00',
  `deliverycost` double(10,2) NOT NULL DEFAULT '0.00',
  `employee_id` int(11) NOT NULL DEFAULT '8'
) ENGINE=InnoDB DEFAULT CHARSET=latin1 AUTO_INCREMENT=1 ;

-- --------------------------------------------------------

--
-- Table structure for table `employee`
--

CREATE TABLE IF NOT EXISTS `employee` (
`employee_id` int(11) NOT NULL,
  `employeename` varchar(100) NOT NULL,
  `position` varchar(50) NOT NULL,
  `username` varchar(50) NOT NULL,
  `password` text NOT NULL,
  `address` varchar(100) NOT NULL,
  `contactno` varchar(20) NOT NULL,
  `email` varchar(50) NOT NULL,
  `remember_token` text NOT NULL
) ENGINE=InnoDB  DEFAULT CHARSET=latin1 AUTO_INCREMENT=3 ;

--
-- Dumping data for table `employee`
--

INSERT INTO `employee` (`employee_id`, `employeename`, `position`, `username`, `password`, `address`, `contactno`, `email`, `remember_token`) VALUES
(1, 'Marla Angela Javier', '1', 'maehem', '$2y$10$c8GfvYvql9hivfPXTjgTqeDi7zbl0FPxq04TXWSnF0UAN.p7HMFkm', '# 7-B, 56 P. Gomez St., Laoag City', '09176283784', 'Chabby_alog13@yahoo.com', 'lmzZbXy83ZfmMAg1RAehCJRWC9XXByixUX1VgSCWhpWtFtnosRah7uruYHNK'),
(2, 'Jan Francis O. Javier', '2', 'jaloux', '$2y$10$c8GfvYvql9hivfPXTjgTqeDi7zbl0FPxq04TXWSnF0UAN.p7HMFkm', 'Taft St., San Julian, City of Batac, Ilocos Norte', '09205641993', 'jaloux666@yahoo.com', '');

-- --------------------------------------------------------

--
-- Table structure for table `expenses`
--

CREATE TABLE IF NOT EXISTS `expenses` (
`id` int(11) NOT NULL,
  `food` decimal(10,2) NOT NULL,
  `home_stay` decimal(10,2) NOT NULL,
  `diesel` decimal(10,2) NOT NULL,
  `load` decimal(10,2) NOT NULL,
  `others` decimal(10,2) NOT NULL,
  `expensedate` datetime NOT NULL DEFAULT '0000-00-00 00:00:00',
  `agent` int(10) NOT NULL
) ENGINE=InnoDB DEFAULT CHARSET=latin1 AUTO_INCREMENT=1 ;

-- --------------------------------------------------------

--
-- Table structure for table `orders`
--

CREATE TABLE IF NOT EXISTS `orders` (
`order_id` int(11) NOT NULL,
  `product_id` int(11) NOT NULL,
  `qty` int(11) NOT NULL,
  `salesprice` double(10,2) NOT NULL DEFAULT '0.00',
  `orderprice` double(10,2) NOT NULL,
  `markup` int(11) NOT NULL,
  `employee_id` int(11) NOT NULL DEFAULT '1',
  `category_id` int(11) NOT NULL
) ENGINE=InnoDB DEFAULT CHARSET=latin1 AUTO_INCREMENT=1 ;

-- --------------------------------------------------------

--
-- Table structure for table `payment`
--

CREATE TABLE IF NOT EXISTS `payment` (
`payment_id` int(11) NOT NULL,
  `sales_id` int(11) NOT NULL,
  `amounttendered` double(10,2) NOT NULL DEFAULT '0.00',
  `amountpaid` double(10,2) NOT NULL,
  `balancedue` double(10,2) NOT NULL,
  `percentDiscount` decimal(8,0) NOT NULL DEFAULT '0',
  `fixedAmtDiscount` decimal(8,2) DEFAULT '0.00',
  `or_number` varchar(20) NOT NULL,
  `paymentdate` datetime DEFAULT '0000-00-00 00:00:00',
  `paymentmode` varchar(50) NOT NULL,
  `cheque_no` int(20) NOT NULL,
  `cheque_date` datetime NOT NULL,
  `due_date` datetime NOT NULL,
  `branch` varchar(50) NOT NULL
) ENGINE=InnoDB  DEFAULT CHARSET=latin1 AUTO_INCREMENT=23 ;

--
-- Dumping data for table `payment`
--

INSERT INTO `payment` (`payment_id`, `sales_id`, `amounttendered`, `amountpaid`, `balancedue`, `percentDiscount`, `fixedAmtDiscount`, `or_number`, `paymentdate`, `paymentmode`, `cheque_no`, `cheque_date`, `due_date`, `branch`) VALUES
(1, 1, 0.00, 15588.50, 15588.50, '0', '0.00', '', '2018-01-15 00:00:00', '', 0, '0000-00-00 00:00:00', '0000-00-00 00:00:00', ''),
(2, 1, 5588.50, 15588.50, 10000.00, '0', '0.00', '', '2018-01-15 01:01:48', '2', 35632455, '2018-01-10 00:00:00', '2018-05-30 00:00:00', ''),
(3, 2, 1600.00, 1558.85, 0.00, '0', '0.00', '', '2018-01-15 00:00:00', '', 0, '0000-00-00 00:00:00', '0000-00-00 00:00:00', ''),
(4, 3, 0.00, 43373.01, 43373.01, '0', '0.00', '', '2018-01-15 00:00:00', '', 0, '0000-00-00 00:00:00', '0000-00-00 00:00:00', ''),
(5, 4, 0.00, 139509.80, 139509.80, '0', '0.00', '', '2018-01-17 00:00:00', '', 0, '0000-00-00 00:00:00', '0000-00-00 00:00:00', ''),
(6, 4, 39509.80, 139509.80, 100000.00, '0', '0.00', '', '2018-01-17 06:01:02', '1', 4859156, '2018-02-14 00:00:00', '2018-05-30 00:00:00', ''),
(7, 5, 0.00, 1558.85, 1558.85, '0', '0.00', '', '2018-01-17 00:00:00', '', 0, '0000-00-00 00:00:00', '0000-00-00 00:00:00', ''),
(8, 6, 0.00, 52327.65, 52327.65, '0', '0.00', '', '2018-01-19 00:00:00', '', 0, '0000-00-00 00:00:00', '0000-00-00 00:00:00', ''),
(9, 7, 0.00, 82366.38, 82366.38, '0', '0.00', '', '2018-01-19 00:00:00', '', 0, '0000-00-00 00:00:00', '0000-00-00 00:00:00', ''),
(10, 6, 2327.65, 52327.65, 50000.00, '0', '0.00', '', '2018-02-09 05:02:47', '1', 4521836, '2018-02-01 00:00:00', '2018-04-27 00:00:00', ''),
(11, 6, 10000.00, 50000.00, 40000.00, '0', '0.00', '', '2018-02-18 20:02:44', '', 0, '0000-00-00 00:00:00', '0000-00-00 00:00:00', ''),
(12, 6, 10000.00, 40000.00, 30000.00, '0', '0.00', '', '2018-02-18 20:02:44', '3', 123456, '2018-02-18 00:00:00', '2018-02-18 00:00:00', ''),
(13, 6, 5000.00, 30000.00, 25000.00, '0', '0.00', '', '2018-02-18 20:02:38', '4', 245867, '2018-02-18 00:00:00', '2018-02-18 00:00:00', ''),
(14, 6, 2500.00, 25000.00, 22500.00, '0', '0.00', '', '2018-02-18 20:02:00', '', 0, '0000-00-00 00:00:00', '0000-00-00 00:00:00', ''),
(16, 6, 2500.00, 22500.00, 20000.00, '0', '0.00', '', '2018-02-18 21:02:33', '3', 215663203, '2018-01-31 00:00:00', '2018-02-18 00:00:00', ''),
(17, 6, 4500.00, 20000.00, 15500.00, '0', '0.00', '', '2018-02-18 21:02:44', '1', 24589436, '2018-01-31 00:00:00', '2018-02-27 00:00:00', ''),
(18, 4, 12500.00, 100000.00, 87500.00, '0', '0.00', '', '2018-02-22 03:02:48', '', 0, '0000-00-00 00:00:00', '0000-00-00 00:00:00', ''),
(19, 8, 0.00, 105461.10, 105461.10, '0', '0.00', '', '2018-02-22 00:00:00', '', 0, '0000-00-00 00:00:00', '0000-00-00 00:00:00', ''),
(20, 8, 10.00, 105461.10, 105451.10, '0', '0.00', '', '2018-02-22 19:02:16', '', 0, '0000-00-00 00:00:00', '0000-00-00 00:00:00', ''),
(21, 8, 10000.00, 105451.10, 95451.10, '0', '0.00', '', '2018-02-22 19:02:29', '', 0, '0000-00-00 00:00:00', '0000-00-00 00:00:00', ''),
(22, 8, 25000.00, 95451.10, 70451.10, '0', '0.00', '', '2018-02-22 19:02:10', '6', 15688523, '2018-02-01 00:00:00', '2018-05-31 00:00:00', '');

-- --------------------------------------------------------

--
-- Table structure for table `product`
--

CREATE TABLE IF NOT EXISTS `product` (
`product_id` int(11) NOT NULL,
  `productcode` varchar(50) NOT NULL DEFAULT '0',
  `productname` varchar(50) NOT NULL,
  `pattern` varchar(50) NOT NULL,
  `unitprice` double(20,2) NOT NULL,
  `set_price` decimal(10,0) NOT NULL DEFAULT '0',
  `stock` int(11) NOT NULL,
  `reorderlimit` int(11) NOT NULL,
  `category_id` int(11) NOT NULL,
  `supplier_id` int(11) NOT NULL,
  `status` int(2) NOT NULL DEFAULT '0',
  `unitcost` double(20,2) NOT NULL DEFAULT '0.00',
  `percentage` double(10,2) NOT NULL DEFAULT '0.00',
  `markup` double(10,2) NOT NULL DEFAULT '0.00'
) ENGINE=InnoDB  DEFAULT CHARSET=latin1 AUTO_INCREMENT=2523 ;

--
-- Dumping data for table `product`
--

INSERT INTO `product` (`product_id`, `productcode`, `productname`, `pattern`, `unitprice`, `set_price`, `stock`, `reorderlimit`, `category_id`, `supplier_id`, `status`, `unitcost`, `percentage`, `markup`) VALUES
(401, 'VITOUR', ' 185 R14C 102/100Q ', ' V3000 ', 2245.62, '0', 99, 50, 61, 12, 0, 2245.62, 0.00, 0.00),
(402, 'VITOUR', ' 195 R14C 8PR 106/104Q TL ', ' V3000 ', 2282.79, '0', 40, 50, 61, 12, 0, 2282.79, 3.00, 0.00),
(403, 'VITOUR', ' 165/65 R13  77T ', ' GALAXY R1 ', 1397.26, '0', 95, 50, 61, 12, 0, 1397.26, 3.00, 0.00),
(404, 'VITOUR', ' 165/80 R13 83T ', ' I-777 ', 1558.85, '0', 71, 50, 61, 12, 0, 1558.85, 3.00, 0.00),
(405, 'VITOUR', ' 175/65 R14 82H ', ' GALAXY R1 ', 1474.93, '0', 100, 50, 61, 12, 0, 1474.93, 0.00, 0.00),
(406, 'VITOUR', ' 175/65 R14 82H ', ' I-777 ', 1474.93, '0', 88, 50, 61, 12, 0, 1474.93, 0.00, 0.00),
(407, 'VITOUR', ' 175/65 R15 84H ', ' FORMULA X ', 2138.87, '0', 85, 50, 61, 12, 0, 2138.87, 0.00, 0.00),
(408, 'VITOUR', ' 175/70 R14 87T ', ' I-777 ', 1678.42, '0', 99, 50, 61, 12, 0, 1678.42, 0.00, 0.00),
(409, 'VITOUR', ' 205/70 R15C  ', ' V3000 ', 3377.35, '0', 70, 50, 61, 12, 0, 3377.35, 0.00, 0.00),
(410, 'VITOUR', ' 235/70 R15 WSW ', ' GALAXY R1 ', 4792.48, '0', 100, 50, 61, 12, 0, 4792.48, 0.00, 0.00),
(411, 'VITOUR', '195/50 R15 82V', 'FORMULA X', 2325.42, '0', 100, 50, 61, 12, 0, 2325.42, 0.00, 0.00),
(412, 'VITOUR', '195/55 R15 85V', 'FORMULA X', 2434.40, '0', 100, 50, 61, 12, 0, 2434.40, 0.00, 0.00),
(413, 'VITOUR', '205/55 R16 91V', 'FORMULA X', 2800.11, '0', 100, 50, 61, 12, 0, 2434.40, 3.00, 0.00),
(414, 'VITOUR', '225/55 ZR16 95W', 'FORMULA X', 3190.88, '0', 100, 50, 61, 12, 0, 3190.88, 0.00, 0.00),
(415, 'VITOUR', '205/40 ZR17 84W', 'FORMULA X', 2916.11, '0', 100, 50, 61, 12, 0, 2916.11, 0.00, 0.00),
(416, 'VITOUR', '205/45 ZR17 88W XL', 'FORMULA X', 2975.37, '0', 100, 50, 61, 7, 0, 2975.37, 4.00, 0.00),
(417, 'VITOUR', '205/45 ZR17 91W XL', 'FORMULA X', 2975.37, '0', 100, 50, 61, 7, 0, 2975.37, 0.00, 0.00),
(418, 'VITOUR', '205/65 R15 94H', 'FORMULA X', 2603.45, '0', 100, 50, 61, 7, 0, 2603.45, 0.00, 0.00),
(419, 'VITOUR', '215/45 ZR17 91W XL', 'FORMULA X', 3176.40, '0', 100, 50, 61, 7, 0, 3176.40, 2.00, 0.00),
(420, 'VITOUR', '215/65 R16 98H', 'FORMULA X', 3310.49, '0', 100, 50, 61, 7, 0, 3310.49, 0.00, 0.00),
(421, 'VITOUR', '225/45 ZR17 94W', 'FORMULA X', 3049.56, '0', 100, 50, 61, 7, 0, 3049.56, 0.00, 0.00),
(422, 'VITOUR', '215/50 ZR17 91W XL', 'FORMULA X', 3246.53, '0', 100, 50, 61, 7, 0, 3246.53, 0.00, 0.00),
(423, 'VITOUR', '215/50 ZR17 95W XL', 'FORMULA X', 3246.53, '0', 100, 50, 61, 7, 0, 3246.53, 0.00, 0.00),
(424, 'VITOUR', '215/55 ZR17 98W', 'FORMULA X', 3530.86, '0', 100, 50, 61, 7, 0, 3530.86, 0.00, 0.00),
(425, 'VITOUR', '225/50 ZR17 98W XL', 'FORMULA X', 3155.11, '0', 100, 50, 61, 7, 0, 3155.11, 0.00, 0.00),
(426, 'VITOUR', '225/55 ZR17 97W', 'FORMULA X', 3787.71, '0', 100, 50, 61, 7, 0, 3787.71, 0.00, 0.00),
(427, 'VITOUR', '215/55 ZR16 93W', 'FORMULA X', 3252.98, '0', 100, 50, 61, 7, 0, 3252.98, 0.00, 0.00),
(428, 'VITOUR', '205/60 R16 92V', 'FORMULA X', 2446.80, '0', 100, 50, 61, 7, 0, 2446.80, 0.00, 0.00),
(429, 'VITOUR', '215/60 R16 95V', 'FORMULA X', 3107.13, '0', 100, 50, 61, 7, 0, 3107.13, 0.00, 0.00),
(430, 'VITOUR', '245/45 ZR18 100W XL', 'FORMULA X', 2934.48, '0', 100, 50, 61, 7, 0, 2934.48, 0.00, 0.00),
(431, 'VITOUR', '225/45 ZR18 95W', 'FORMULA Z', 3837.78, '0', 100, 50, 61, 7, 0, 3837.78, 0.00, 0.00),
(432, 'VITOUR', '235/45 ZR18 98W XL', 'FORMULA Z', 3886.48, '0', 100, 50, 61, 7, 0, 3886.48, 0.00, 0.00),
(433, 'VITOUR', '235/50 ZR18 101W/98W XL', 'FORMULA Z', 4312.81, '0', 100, 50, 61, 7, 0, 4312.81, 0.00, 0.00),
(434, 'VITOUR', '245/40 ZR18 97W', 'FORMULA Z', 3475.29, '0', 100, 50, 61, 7, 0, 3475.29, 0.00, 0.00),
(435, 'VITOUR', '255/55 ZR18 109W XL', 'FORMULA Z', 5235.44, '0', 100, 50, 61, 7, 0, 5235.44, 0.00, 0.00),
(436, 'VITOUR', '225/40 ZR18 94W XL', 'FORMULA SPEC Z', 3899.35, '0', 100, 50, 61, 7, 0, 3899.35, 0.00, 0.00),
(437, 'VITOUR', '235/40 ZR18 95W XL', 'FORMULA SPEC Z', 4008.73, '0', 100, 50, 61, 7, 0, 4008.73, 0.00, 0.00),
(438, 'VITOUR', '255/35 ZR18 94Y XL', 'FORMULA SPEC Z', 4034.70, '0', 100, 50, 61, 7, 0, 4034.70, 0.00, 0.00),
(439, 'VITOUR', '265/35 ZR18 97Y XL', 'FORMULA SPEC Z', 4779.22, '0', 100, 50, 61, 7, 0, 4779.22, 0.00, 0.00),
(440, 'VITOUR', '245/70 R16 111H OWL', 'SAFARI A/T', 4010.60, '0', 100, 50, 61, 7, 0, 4010.60, 0.00, 0.00),
(441, 'VITOUR', '265/70 R16 112T OWL', 'SAFARI A/T', 4799.74, '0', 100, 50, 61, 7, 0, 4799.74, 0.00, 0.00),
(442, 'VITOUR', '245/65 R17 107T OWL', 'SAFARI A/T', 4267.58, '0', 100, 50, 61, 12, 0, 4267.58, 0.00, 0.00),
(443, 'VITOUR', '265/65 R17 112T OWL', 'SAFARI ATX', 5063.40, '0', 100, 50, 61, 12, 0, 5063.40, 0.00, 0.00),
(444, 'VITOUR', '285/60 R18 116H OWL', 'SAFARI A/T', 5740.94, '0', 100, 50, 61, 12, 0, 5740.94, 0.00, 0.00),
(445, 'VITOUR', 'P235/75 R15 108T XL', 'EXPLORER A/T', 3616.66, '0', 100, 50, 61, 12, 0, 3616.66, 0.00, 0.00),
(446, 'VITOUR', 'LT31-10.5 R15 LT-6PR 109S', 'EXPLORER A/T', 4923.36, '0', 100, 50, 61, 12, 0, 4923.36, 0.00, 0.00),
(447, 'VITOUR', 'LT265/70 R17 121/118S', 'EXPLORER A/T', 5414.31, '0', 100, 50, 61, 12, 0, 5414.31, 0.00, 0.00),
(448, 'VITOUR', 'LT265/75 R16 123/120S', 'EXPLORER A/T', 5100.26, '0', 100, 50, 61, 12, 0, 5100.26, 0.00, 0.00),
(449, 'VITOUR', 'P205/70 R15 96H', 'EXPLORER H/T', 2572.63, '0', 100, 50, 61, 12, 0, 2572.63, 0.00, 0.00),
(450, 'VITOUR', 'P265/65 R17 112H', 'EXPLORER H/T', 4662.24, '0', 100, 50, 61, 12, 0, 4662.24, 0.00, 0.00),
(501, '0', ' 165/65 R13  77T ', ' GALAXY R1 ', 1550.00, '0', 210, 50, 61, 12, 0, 1550.00, 0.00, 0.00),
(502, '0', ' 165/65 R13  77T ', ' GALAXY R1 ', 2000.00, '0', 150, 50, 61, 13, 0, 2000.00, 0.00, 0.00),
(503, '0', ' 165/65 R13  77T ', ' GALAXY R1 ', 1750.00, '0', 290, 50, 61, 12, 0, 1750.00, 0.00, 0.00),
(602, 'MIRAGE PCR', '10.00R20-18PR', 'DRB862 - MIXED LUG', 10803.15, '0', 99, 50, 59, 12, 0, 10096.41, 0.00, 0.00),
(603, 'MIRAGE PCR', '10.00R20-18PR', 'MG702 - MIXED LUG', 10803.15, '0', 100, 50, 59, 12, 0, 10096.41, 3.00, 0.00),
(604, 'MIRAGE PCR', '10.00R20-18PR', 'MG706 - MIXED LUG', 10803.15, '0', 100, 50, 59, 12, 0, 10096.41, 3.00, 0.00),
(605, 'MIRAGE PCR', '11.00R20-18 PR', 'MG702-MIXED LUG', 13124.41, '0', 100, 50, 59, 12, 0, 12265.81, 3.00, 0.00),
(606, 'MIRAGE PCR', '11.00R20-18 PR', 'MG706-MIXED LUG', 13124.41, '0', 100, 50, 59, 12, 0, 12265.81, 0.00, 0.00),
(607, 'MIRAGE PCR', '11.00R20-18 PR', 'MG707-MINING LUG', 13322.83, '0', 100, 50, 59, 12, 0, 12451.24, 0.00, 0.00),
(608, 'MIRAGE PCR', '12.00R20-18PR', 'MG702-MIXED LUG', 14086.28, '0', 100, 50, 59, 12, 0, 13164.75, 0.00, 0.00),
(609, 'MIRAGE PCR', '11R22.5-16PR', 'MG606 - RIB', 9556.56, '0', 100, 50, 59, 12, 0, 8931.36, 0.00, 0.00),
(610, 'MIRAGE PCR', '11R22.5-16PR', 'MG702 - MIXED LUG', 9785.75, '0', 100, 50, 59, 12, 0, 9145.56, 0.00, 0.00),
(611, 'MIRAGE PCR', '11R22.5-16PR', 'DRB862 - MIXED LUG', 9785.75, '0', 100, 50, 59, 12, 0, 9145.56, 0.00, 0.00),
(623, 'MIRAGE TBR', '155R12C-8 88/86Q', 'MR100', 1401.57, '0', 100, 50, 60, 12, 0, 1191.34, 0.00, 0.00),
(624, 'MIRAGE TBR', '175R13 C-8 97/95R', 'MR200', 1925.89, '0', 100, 50, 60, 12, 0, 1637.01, 0.00, 0.00),
(625, 'MIRAGE TBR', '185R14C-8 102/100R', 'MR100', 2195.19, '0', 100, 50, 60, 12, 0, 1865.91, -3.00, 0.00),
(626, 'MIRAGE TBR', '195R14C-8 106/104R', 'MR100', 2462.92, '0', 100, 50, 60, 12, 0, 2093.48, -3.00, 0.00),
(627, 'MIRAGE TBR', '205/70R15C 8PR 106/104R', 'MR-200', 2897.06, '0', 100, 50, 60, 12, 0, 2462.50, 0.00, 0.00),
(628, 'MIRAGE TBR', '215/70R15C 8PR 109/107R', 'MR-200', 3088.42, '0', 100, 50, 60, 12, 0, 2625.16, 0.00, 0.00),
(629, 'MIRAGE TBR', '165/65 R13 77T', 'MR-162', 1387.95, '0', 100, 50, 60, 12, 0, 1179.76, 0.00, 0.00),
(630, 'MIRAGE TBR', '175/65 R14 82T', 'MR-162', 1506.54, '0', 100, 50, 60, 12, 0, 1280.56, 0.00, 0.00),
(631, 'MIRAGE TBR', '185/65 R14 86H', 'MR-162', 1807.93, '0', 100, 50, 60, 12, 0, 1536.74, 0.00, 0.00),
(632, 'MIRAGE TBR', '175/70 R13 82T', 'MR-162', 1556.22, '0', 100, 50, 60, 12, 0, 1322.79, 0.00, 0.00),
(633, 'MIRAGE TBR', '185/70 R13 86H', 'MR-162', 1718.30, '0', 100, 50, 60, 12, 0, 1460.55, 6.00, 0.00),
(634, 'LTB', '5.00-12-8PR', 'MX118 Rib', 1536.34, '0', 100, 50, 58, 7, 0, 1435.84, 0.00, 0.00),
(635, 'LTB', '5.00-12-10PR', 'MX218 Lug', 1958.70, '0', 100, 50, 58, 7, 0, 1830.56, 0.00, 0.00),
(636, 'LTB', '5.00-12-10PR*', 'MX882-Cargador', 1958.70, '0', 100, 50, 58, 7, 0, 1830.56, 0.00, 0.00),
(637, 'LTB', '5.00-12-10PR*', 'MX968-MINING LUG', 1958.70, '0', 100, 50, 58, 7, 0, 1830.56, 0.00, 0.00),
(638, 'LTB', '6.00-12-6PR', 'MX882-Cargador', 2719.13, '0', 100, 50, 58, 7, 0, 2541.24, 0.00, 0.00),
(639, 'LTB', '6.00-13-10PR', 'XR286 SEMI RADIAL', 2895.06, '0', 100, 50, 58, 7, 0, 2705.67, 4.00, 0.00),
(640, 'LTB', '6.00-14-10PR', 'XR286 SEMI RADIAL', 3079.05, '0', 100, 50, 58, 7, 0, 2877.62, 4.00, 0.00),
(641, 'LTB', '6.00-15-10PR', 'XR286 SEMI RADIAL', 3187.28, '0', 100, 50, 58, 7, 0, 2978.76, 4.00, 0.00),
(642, 'LTB', '6.40/6.50 13 6PR/8PR', 'MX882-Cargador', 2694.94, '0', 100, 50, 58, 7, 0, 2518.64, 0.00, 0.00),
(643, 'LTB', '6.50-14 8PR', 'MX115 Rib', 3095.88, '0', 100, 50, 58, 7, 0, 2893.35, 0.00, 0.00),
(644, 'LTB', '6.50-14-8PR', 'MX882-Cargador', 3679.64, '0', 100, 50, 58, 7, 0, 3438.92, 0.00, 0.00),
(645, 'LTB', '6.50-14-10PR', 'MX218 Lug', 3679.64, '0', 100, 50, 58, 7, 0, 3438.92, 0.00, 0.00),
(646, 'LTB', '6.50-15-10PR', 'MX106 Rib', 3229.21, '0', 100, 50, 58, 7, 0, 3017.95, 0.00, 0.00),
(647, 'LTB', '6.50-16-12PR', 'MX216 Rib', 3946.91, '0', 100, 50, 58, 7, 0, 3688.70, 0.00, 0.00),
(648, 'LTB', '700-15-12PR', 'MX206 Rib', 3943.82, '0', 100, 50, 58, 7, 0, 3685.82, 0.00, 0.00),
(649, 'LTB', '700-15-12PR', 'MX306  Super Rib', 4092.32, '0', 100, 50, 58, 7, 0, 3824.60, 0.00, 0.00),
(650, 'LTB', '700-15-12PR', 'MX216 Rib', 4092.32, '0', 100, 50, 58, 7, 0, 3824.60, 0.00, 0.00),
(651, 'LTB', '700-15-12PR', 'MX218 Lug', 4092.32, '0', 100, 50, 58, 7, 0, 3824.60, 0.00, 0.00),
(652, 'LTB', '750-15-14PR ', 'MX216 Rib', 4908.08, '0', 100, 50, 58, 7, 0, 4586.99, 0.00, 0.00),
(653, 'LTB', '750-15-14PR ', 'MX306 Super Rib', 5092.52, '0', 100, 50, 58, 7, 0, 4759.36, 0.00, 0.00),
(654, 'LTB', '750-15-14PR ', 'MX218 Lug', 5092.52, '0', 100, 50, 58, 7, 0, 4759.36, 0.00, 0.00),
(655, 'LTB', '700-16-14PR', 'MX206 Rib', 4767.52, '0', 100, 50, 58, 7, 0, 4455.63, 0.00, 0.00),
(656, 'LTB', '700-16-14PR', 'MX306 Super Rib', 4946.42, '0', 100, 50, 58, 7, 0, 4622.82, 0.00, 0.00),
(657, 'LTB', '700-16-14PR', 'MX218 Lug', 4946.42, '0', 100, 50, 58, 7, 0, 4622.82, 0.00, 0.00),
(658, 'LTB', '700-16-14PR', 'MX968 Mining Lug', 5390.26, '0', 100, 50, 58, 7, 0, 5037.63, 0.00, 0.00),
(659, 'LTB', '750-16-16PR ', 'MX206 Rib', 5762.45, '0', 100, 50, 58, 7, 0, 5385.47, 0.00, 0.00),
(660, 'LTB', '750-16-16PR ', 'MX306 Super Rib', 5955.05, '0', 100, 50, 58, 7, 0, 5565.47, 0.00, 0.00),
(661, 'LTB', '750-16-16PR', 'MX218 Lug', 5955.05, '0', 100, 50, 58, 7, 0, 5565.47, 0.00, 0.00),
(662, 'LTB', '750-16-16PR', 'MX820 Mixed Lug', 5594.61, '0', 100, 50, 58, 7, 0, 5228.61, 0.00, 0.00),
(663, 'LTB', '750-16-16PR', 'MX968 Mining Lug', 6152.77, '0', 100, 50, 58, 7, 0, 5750.26, 0.00, 0.00),
(664, 'LTB', '825-16-16PR', 'MX206 Rib', 6805.98, '0', 100, 50, 58, 7, 0, 6360.73, 0.00, 0.00),
(665, 'LTB', '825-16-16PR', 'MX820 Mixed Lug', 6805.98, '0', 100, 50, 58, 7, 0, 6360.73, 0.00, 0.00),
(666, 'LTB', '825-16-16PR', 'MX218 Lug', 6895.20, '0', 100, 50, 58, 7, 0, 6444.11, 0.00, 0.00),
(667, 'LTB', '825-16-16PR', 'MX968 Mining Lug', 7193.70, '0', 100, 50, 58, 7, 0, 6723.09, 0.00, 0.00),
(668, 'TBB', '825-20-16PR', 'MX188 Standard Rib', 8199.12, '0', 100, 50, 58, 7, 0, 7662.73, 0.00, 0.00),
(669, 'TBB', '825-20-16PR', 'MX328 Standard Lug', 8199.12, '0', 100, 50, 58, 7, 0, 7662.73, 0.00, 0.00),
(670, 'TBB', '825-20-16PR', 'MX100 Indian Rib', 7002.72, '0', 100, 50, 58, 7, 0, 6544.60, 0.00, 0.00),
(671, 'TBB', '900-20-16PR', 'MX168 Standard Rib', 10004.37, '0', 100, 50, 58, 7, 0, 9349.88, 0.00, 0.00),
(672, 'TBB', '900-20-16PR', 'MX312 Standard Lug', 10004.37, '0', 100, 50, 58, 7, 0, 9349.88, 0.00, 0.00),
(673, 'TBB', '900-20-16PR', 'MX200 Indian Rib', 7376.38, '0', 100, 50, 58, 7, 0, 6893.81, 0.00, 0.00),
(674, 'TBB', '900-20-18PR', 'MX777 Semi-Lug', 10367.27, '0', 100, 50, 58, 7, 0, 9689.04, 0.00, 0.00),
(675, 'TBB', '1000-20-16PR', 'MX198 Standard Rib', 11072.58, '0', 100, 50, 58, 7, 0, 10348.21, 0.00, 0.00),
(676, 'TBB', '1000-20-16PR', 'MX312 Standard Lug', 11072.58, '0', 100, 50, 58, 7, 0, 10348.21, 0.00, 0.00),
(677, 'TBB', '10.00-20-16PR', 'MX620 Mixed Lug', 11384.91, '0', 100, 50, 58, 7, 0, 10640.10, 0.00, 0.00),
(678, 'TBB', '1000-20-18PR', 'MX200 Indian Rib', 8669.75, '0', 100, 50, 58, 7, 0, 8102.57, 0.00, 0.00),
(679, 'TBB', '1000-20-18PR', 'MX608 Indian Lug', 7802.78, '0', 100, 50, 58, 7, 0, 7292.32, 0.00, 0.00),
(680, 'TBB', '1000-20-18PR', 'MX918 Mining Lug', 13234.92, '0', 100, 50, 58, 7, 0, 12369.08, 2.00, 0.00),
(681, 'TBB', '1000-20-18PR', 'MX777 Semi-Lug', 11856.98, '0', 100, 50, 58, 7, 0, 11081.29, 0.00, 0.00),
(682, 'TBB', '1100-20-18PR', 'MX158 Rib', 11310.64, '0', 100, 50, 58, 7, 0, 10570.69, 0.00, 0.00),
(683, 'TBB', '1100-20-18PR', 'MX319 Lug', 11430.81, '0', 100, 50, 58, 7, 0, 10683.00, 0.00, 0.00),
(684, 'TBB', '1100-20-18PR', 'MX918 Mining Lug', 14679.11, '0', 100, 50, 58, 7, 0, 13718.79, 0.00, 0.00),
(685, 'TBB', '1100-20-18PR', 'MX777 Semi-Lug', 13523.37, '0', 100, 50, 58, 7, 0, 12638.67, 0.00, 0.00),
(686, 'TBB', '12.00-20-20PR*', 'MX918 Mining Lug', 15765.82, '0', 100, 50, 58, 7, 0, 14734.41, 0.00, 0.00),
(687, 'RIB', '7.00-15 12PR ', 'ITR-222', 4560.36, '0', 100, 50, 57, 12, 0, 4262.02, 2.00, 0.00),
(688, 'LUG', '7.00-15 12PR ', 'ITL-444', 4560.36, '0', 99, 50, 57, 12, 0, 4262.02, 2.00, 0.00),
(689, 'RIB', '7.50-15 14PR ', 'ITR-222', 4839.00, '0', 100, 50, 57, 12, 0, 4522.43, 0.00, 0.00),
(690, 'LUG', '7.50-15 14PR ', 'ITL-444', 4937.75, '0', 100, 50, 57, 12, 0, 4614.72, 0.00, 0.00),
(691, 'RIB', '7.00-16 12PR ', 'ITR-222', 5052.97, '0', 100, 50, 57, 12, 0, 4722.40, 3.00, 0.00),
(692, 'RIB', '7.00-16 14PR ', 'ITR-222', 5052.97, '0', 100, 50, 57, 12, 0, 4722.40, 3.00, 0.00),
(693, 'LUG', '7.00-16 14PR ', 'ITL-444', 5001.07, '0', 100, 50, 57, 12, 0, 4673.90, 0.00, 0.00),
(694, 'RIB', '7.50-16-14PR', 'ITR-222', 5588.39, '0', 100, 50, 57, 12, 0, 5222.79, 0.00, 0.00),
(695, 'RIB', '7.50-16-16PR', 'ITR-222', 5770.46, '0', 100, 50, 57, 12, 0, 5392.96, 0.00, 0.00),
(696, 'CROSS-LUG', '7.50-16-16PR', 'S-78', 5770.46, '0', 100, 50, 57, 12, 0, 5392.96, 0.00, 0.00),
(697, 'LUG', '7.50-16-16PR', 'ITL-444', 5998.79, '0', 100, 50, 57, 12, 0, 5606.35, 0.00, 0.00),
(698, 'RIB', '8.25.16-16PR', 'ITL-222', 6223.08, '0', 100, 50, 57, 12, 0, 5815.96, 0.00, 0.00),
(699, 'LUG', '8.25-16-16PR', 'ITL-444', 6405.90, '0', 100, 50, 57, 12, 0, 5986.82, 0.00, 0.00),
(700, 'RIB', '8.25-20-16PR', 'ITR-222', 9328.71, '0', 100, 50, 57, 12, 0, 8718.42, 0.00, 0.00),
(701, 'LUG', '8.25-20-16PR', 'SPRINTER', 9505.99, '0', 100, 50, 57, 12, 0, 8884.11, 0.00, 0.00),
(702, 'RIB', '9.00.20-16PR', 'ITR-222', 11126.23, '0', 100, 50, 57, 12, 0, 10398.34, 0.00, 0.00),
(703, 'LUG', '9.00.20-16PR', 'SPRINTER', 11181.92, '0', 100, 50, 57, 12, 0, 10450.39, 0.00, 0.00),
(704, 'RIB', '1000-20-18PR', 'ITR-222', 11782.54, '0', 100, 50, 57, 12, 0, 11011.72, 0.00, 0.00),
(705, 'LUG', '10.00-20-18PR', 'ITL-444', 11693.65, '0', 100, 50, 57, 12, 0, 10928.64, 0.00, 0.00),
(706, 'LUG', '10.00-20-16PR', 'ITL-444-E', 11693.65, '0', 100, 50, 57, 12, 0, 10928.64, 0.00, 0.00),
(707, 'LUG', '10.00-20-16PR', 'ITL-444', 11693.65, '0', 0, 50, 57, 12, 0, 10928.64, 0.00, 0.00),
(708, 'RIB', '10.00-20 18PR', 'HD NAVIGATORE', 13093.31, '0', 100, 50, 57, 12, 0, 12236.74, 0.00, 0.00),
(709, 'LUG', '10.00-20 18PR', 'HD SPRINTER', 12895.91, '0', 99, 50, 57, 12, 0, 12052.25, 0.00, 0.00),
(710, 'RIB', '10.00-20-18PR', 'MARSHALL XXX', 13084.07, '0', 100, 50, 57, 12, 0, 12228.11, 0.00, 0.00),
(711, 'LUG', '10.00-20-18PR', 'SIGMA XXX', 13303.30, '0', 100, 50, 57, 12, 0, 12433.00, 0.00, 0.00),
(712, 'RIB', '11.00-20-18PR', 'ITR-222', 12287.92, '0', 100, 50, 57, 12, 0, 11484.03, 0.00, 0.00),
(713, 'LUG', '11.00-20-18PR', 'ITL-444', 12927.04, '0', 100, 50, 57, 12, 0, 12081.35, 0.00, 0.00),
(714, 'RIB', '11.00-20-18PR', 'MARSHALL XXX', 13499.89, '0', 100, 50, 57, 12, 0, 12616.72, 0.00, 0.00),
(715, 'LUG', '11.00-20-18PR', 'SIGMA XXX', 13950.98, '0', 90, 50, 57, 12, 0, 13038.30, 0.00, 0.00),
(716, 'LUG', '12.00-20-18PR', 'ITL-444', 14804.30, '0', 100, 50, 57, 12, 0, 13835.80, 0.00, 0.00),
(717, 'LUG', '12.00-20-20PR', 'ITL-444', 15120.81, '0', 100, 50, 57, 12, 0, 14131.60, 0.00, 0.00),
(718, 'LUG', '12.00-24-20PR', 'ITL-999', 17315.56, '0', 100, 50, 57, 12, 0, 16182.76, 0.00, 0.00),
(873, 'VANTRA LT', '175R13C', 'RA18', 3371.82, '0', 100, 50, 56, 7, 0, 2593.71, 0.00, 0.00),
(874, 'VANTRA LT', '185 R14C', 'RA18', 3831.02, '0', 100, 50, 56, 7, 0, 2946.94, 0.00, 0.00),
(875, 'VANTRA LT', '195 R14', 'RA18', 4215.97, '0', 100, 50, 56, 7, 0, 3243.05, 0.00, 0.00),
(876, 'VANTRA LT', '195 R15C', 'RA18', 4716.09, '0', 100, 50, 56, 7, 0, 3627.76, 0.00, 0.00),
(877, 'VANTRA LT', '205/70 R15', 'RA18', 4900.46, '0', 100, 50, 56, 7, 0, 3769.58, 0.00, 0.00),
(878, 'VANTRA LT', '215/70 R15', 'RA18', 5405.21, '0', 100, 50, 56, 7, 0, 4157.86, 0.00, 0.00),
(879, 'VANTRA LT', '215/65 R16 ', 'RA18', 5387.37, '0', 100, 50, 56, 7, 0, 4144.13, 0.00, 0.00),
(880, 'VANTRA LT', '215/70 R16', 'RA18', 6082.25, '0', 100, 50, 56, 7, 0, 4678.65, 0.00, 0.00),
(881, 'OPTIMO ME 02', '205/60 R16H', 'K424', 4283.01, '0', 100, 50, 56, 7, 0, 3294.62, 0.00, 0.00),
(882, 'OPTIMO ME 02', '215/60 R16H', 'K424', 4618.33, '0', 100, 50, 56, 7, 0, 3552.56, 0.00, 0.00),
(883, 'OPTIMO ME 02', '175/50 R15H', 'K425', 3810.12, '0', 100, 50, 56, 7, 0, 2930.86, 0.00, 0.00),
(884, 'OPTIMO ME 02', '155/70 R13T', 'K715', 2655.54, '0', 100, 50, 56, 7, 0, 2042.72, 0.00, 0.00),
(885, 'KINERGY EX', '185/55 R15H', 'H308', 3570.31, '0', 100, 50, 56, 7, 0, 2746.39, 0.00, 0.00),
(886, 'KINERGY EX', '185/60 R15H', 'H308', 3079.01, '0', 100, 50, 56, 7, 0, 2368.47, 0.00, 0.00),
(887, 'KINERGY EX', '195/60 R15H', 'H308', 3296.78, '0', 100, 50, 56, 7, 0, 2535.98, 5.00, 0.00),
(888, 'KINERGY EX', '165/80 R13T', 'H308', 2395.86, '0', 100, 50, 56, 7, 0, 1842.97, 0.00, 0.00),
(889, 'KINERGY EX', '165/60 R14T', 'H308', 2371.54, '0', 100, 50, 56, 7, 0, 1824.26, 0.00, 0.00),
(890, 'KINERGY EX', '165/65 R14T ', 'H308', 2677.51, '0', 100, 50, 56, 7, 0, 2059.62, 0.00, 0.00),
(891, 'KINERGY EX', '175/65 R14T', 'H308', 2704.90, '0', 100, 50, 56, 7, 0, 2080.69, 0.00, 0.00),
(892, 'KINERGY EX', '185/65 R14T', 'H308', 2857.14, '0', 100, 50, 56, 7, 0, 2197.80, 0.00, 0.00),
(893, 'KINERGY EX', '185/65 R15T', 'H308', 3147.52, '0', 100, 50, 56, 7, 0, 2421.17, 0.00, 0.00),
(894, 'KINERGY EX', '195/65 R15T', 'H308', 3444.86, '0', 100, 50, 56, 7, 0, 2649.89, 0.00, 0.00),
(895, 'KINERGY EX', '205/65 R15T', 'H308', 3648.59, '0', 100, 50, 56, 7, 0, 2806.61, 0.00, 0.00),
(896, 'KINERGY EX', '175/70 R14T', 'H308', 2845.86, '0', 100, 50, 56, 7, 0, 2189.12, 0.00, 0.00),
(897, 'KINERGY EX', '185/70 R14T', 'H308', 3030.88, '0', 100, 50, 56, 7, 0, 2331.45, 0.00, 0.00),
(898, 'KINERGY EX', '195/70 R14T', 'H308', 3360.09, '0', 100, 50, 56, 7, 0, 2584.68, 0.00, 0.00),
(899, 'VENTUS S1 NO', '235/40 ZR18W XL', 'H452', 6186.55, '0', 100, 50, 56, 7, 0, 4758.89, 0.00, 0.00),
(900, 'VENTUS S1 NO', '245/40 ZR18W ', 'H452', 6630.04, '0', 100, 50, 56, 7, 0, 5100.03, 0.00, 0.00),
(901, 'VENTUS S1 NO', '225/45 ZR18W XL', 'H452', 6409.66, '0', 100, 50, 56, 7, 0, 4930.51, 0.00, 0.00),
(902, 'VENTUS S1 NO', '215/55 R17V', 'H452', 5303.25, '0', 100, 50, 56, 7, 0, 4079.42, 0.00, 0.00),
(903, 'VENTUS S1 NO', '215/55 ZR17W', 'H452', 5303.25, '0', 100, 50, 56, 7, 0, 4079.42, 0.00, 0.00),
(904, 'VENTUS S1 NO', '225/55 ZR17W', 'H452', 6028.60, '0', 100, 50, 56, 7, 0, 4637.39, 0.00, 0.00),
(905, 'VENTUS V2 CO', '205/40 R17V XL', 'H457', 5003.58, '0', 100, 50, 56, 7, 0, 3848.91, 0.00, 0.00),
(906, 'VENTUS V2 CO', '225/40 R18W XL', 'H457', 6133.96, '0', 100, 50, 56, 7, 0, 4718.43, 0.00, 0.00),
(907, 'VENTUS V2 CO', '205/45 R16V', 'H457', 4894.05, '0', 100, 50, 56, 7, 0, 3764.65, 5.00, 0.00),
(908, 'VENTUS V2 CO', '205/45 R17V', 'H457', 4966.34, '0', 100, 50, 56, 7, 0, 3820.26, 0.00, 0.00),
(909, 'VENTUS V2 CO', '215/45 R17V', 'H457', 4975.91, '0', 100, 50, 56, 7, 0, 3827.62, 0.00, 0.00),
(910, 'VENTUS V2 CO', '195/50 R15H', 'H457', 3833.48, '0', 100, 50, 56, 7, 0, 2948.83, 0.00, 0.00),
(911, 'VENTUS V2 CO', '225/50 R17V XL', 'H457', 5407.67, '0', 100, 50, 56, 7, 0, 4159.75, 0.00, 0.00),
(912, 'VENTUS V2 CO', '195/55 R15V', 'H457', 4078.66, '0', 100, 50, 56, 7, 0, 3137.43, 0.00, 0.00),
(913, 'VENTUS V2 CO', '205/55 R16V XL', 'H457', 4558.85, '0', 100, 50, 56, 7, 0, 3506.81, 0.00, 0.00),
(914, 'VENTUS V12', '225/40 ZR18Y XL', 'K120', 6440.01, '0', 100, 50, 56, 7, 0, 4953.85, 0.00, 0.00),
(915, 'VENTUS V12', '235/40 ZR18Y XL', 'K120', 6207.69, '0', 100, 50, 56, 7, 0, 4775.15, 0.00, 0.00),
(916, 'VENTUS V12', '205/45 ZR17W XL', 'K120', 5246.73, '0', 90, 50, 56, 7, 0, 4035.95, 0.00, 0.00),
(917, 'VENTUS V12', '215/45 ZR17Y XL', 'K120', 4986.33, '0', 100, 50, 56, 7, 0, 3835.64, 0.00, 0.00),
(918, 'VENTUS V12', '215/45 ZR18Y XL', 'K120', 5703.38, '0', 100, 50, 56, 7, 0, 4387.22, 0.00, 0.00),
(919, 'VENTUS V12', '225/45 ZR18Y XL', 'K120', 6420.81, '0', 100, 50, 56, 7, 0, 4939.08, 0.00, 0.00),
(920, 'DYNA PRO HP2', '255/50 R20V H/T', 'RA33', 10611.59, '0', 100, 50, 56, 7, 0, 8162.76, 0.00, 0.00),
(921, 'DYNA PRO HP2', '225/60 R17H H/T', 'RA33', 7433.21, '0', 100, 50, 56, 7, 0, 5717.86, 0.00, 0.00),
(922, 'DYNA PRO HP2', '265/60 R18V H/T', 'RA33', 9512.12, '0', 100, 50, 56, 7, 0, 7317.02, 0.00, 0.00),
(923, 'DYNA PRO HP2', '285/60 R18V H/T', 'RA33', 10377.65, '0', 100, 50, 56, 7, 0, 7982.81, 0.00, 0.00),
(924, 'DYNA PRO HP2', '225/65 R17H H/T', 'RA33', 6853.20, '0', 100, 50, 56, 7, 0, 5271.69, 0.00, 0.00),
(925, 'DYNA PRO HP2', '265/65 R17H H/T', 'RA33', 8202.79, '0', 100, 50, 56, 7, 0, 6309.84, 0.00, 0.00),
(926, 'DYNA PRO HP2', '285/65 R17H H/T', 'RA33', 8476.79, '0', 100, 50, 56, 7, 0, 6520.61, 0.00, 0.00),
(927, 'DYNA PRO HP2', '225/70 R16H H/T', 'RA33', 6307.67, '0', 100, 50, 56, 7, 0, 4852.05, 0.00, 0.00),
(928, 'DYNA PRO HP2', '215/70 R16H H/T', 'RA33', 5792.62, '0', 100, 50, 56, 7, 0, 4455.86, 0.00, 0.00),
(929, 'DYNA PRO HP2', '265/70 R16H H/T', 'RA33', 7960.08, '0', 100, 50, 56, 7, 0, 6123.14, 0.00, 0.00),
(930, 'DYNA PRO H/T', 'P235/60R16T', 'RH12', 6386.32, '0', 100, 50, 56, 7, 0, 4912.55, 0.00, 0.00),
(931, 'DYNA PRO H/T', 'P245/70R17T', 'RH12', 10549.93, '0', 100, 50, 56, 7, 0, 8115.33, 0.00, 0.00),
(932, 'DYNA PRO H/T', 'P265/70R18T', 'RH12', 12209.12, '0', 100, 50, 56, 7, 0, 9391.63, 0.00, 0.00),
(933, 'DYNA PRO A/T', '31X10.50 R15 A/T', 'RF10', 8293.09, '0', 100, 50, 56, 7, 0, 6379.30, 0.00, 0.00),
(934, 'DYNA PRO A/T', '33X12.50 R15 A/T', 'RF10', 10611.60, '0', 100, 50, 56, 7, 0, 8162.77, 0.00, 0.00),
(935, 'DYNA PRO A/T', '235/65 R17T A/T', 'RF10', 7437.05, '0', 100, 50, 56, 7, 0, 5720.81, 0.00, 0.00),
(936, 'DYNA PRO A/T', '265/65 R17T A/T', 'RF10', 8598.03, '0', 100, 50, 56, 7, 0, 6613.87, 0.00, 0.00),
(937, 'DYNA PRO A/T', '235/60R16T A/T', 'RF10', 6705.63, '0', 100, 50, 56, 7, 0, 5158.18, 0.00, 0.00),
(938, 'DYNA PRO A/T', '255/60R18T A/T', 'RF10', 9305.81, '0', 100, 50, 56, 7, 0, 7158.31, 5.00, 0.00),
(939, 'DYNA PRO A/T', '265/60 R18T A/T', 'RF10', 9961.79, '0', 100, 50, 56, 7, 0, 7662.91, 0.00, 0.00),
(940, 'DYNA PRO A/T', '275/65 R18T A/T', 'RF10', 13590.34, '0', 100, 50, 56, 7, 0, 10454.11, 0.00, 0.00),
(941, 'DYNA PRO A/T', 'LT285/65 R18 A/T', 'RF10', 10680.76, '0', 100, 50, 56, 7, 0, 8215.97, 5.00, 0.00),
(942, 'DYNA PRO A/T', '205/70 R15T A/T', 'RF10', 4877.52, '0', 100, 50, 56, 7, 0, 3751.94, 0.00, 0.00),
(943, 'DYNA PRO A/T', '225/70 R15T A/T', 'RF10', 5691.60, '0', 100, 50, 56, 7, 0, 4378.16, 0.00, 0.00),
(944, 'DYNA PRO A/T', '255/70 R15T A/T', 'RF10', 7228.96, '0', 100, 50, 56, 7, 0, 5560.74, 0.00, 0.00),
(945, 'DYNA PRO A/T', 'P245/70 R16T XL A/T', 'RF10', 7348.17, '0', 100, 50, 56, 7, 0, 5652.44, 0.00, 0.00),
(946, 'DYNA PRO A/T', 'P245/70 R16T XL A/T', 'RF10', 7348.17, '0', 100, 50, 56, 7, 0, 5652.44, 0.00, 0.00),
(947, 'DYNA PRO A/T', '265/70 R16T A/T', 'RF10', 8095.31, '0', 100, 50, 56, 7, 0, 6227.17, 0.00, 0.00),
(948, 'DYNA PRO A/T', 'P265/70 R17T A/T', 'RF10', 9419.12, '0', 100, 50, 56, 7, 0, 7245.47, 0.00, 0.00),
(949, 'DYNA PRO A/T', '235/75 R15 XL A/T', 'RF10', 6422.18, '0', 100, 50, 56, 7, 0, 4940.14, 0.00, 0.00),
(950, 'DYNA PRO M/T', '31X10.50 R15 M/T', 'RT03', 8910.39, '0', 100, 50, 56, 7, 0, 6854.15, 0.00, 0.00),
(951, 'DYNA PRO M/T', '33X12.50 R15 M/T', 'RT03', 11090.91, '0', 100, 50, 56, 7, 0, 8531.47, 0.00, 0.00),
(952, 'DYNA PRO M/T', 'LT235/75 R15 M/T', 'RT03', 7622.48, '0', 99, 50, 56, 7, 0, 5863.45, 0.00, 0.00),
(953, 'GRIPMAX A/T', '215/75 R15 100S', 'A/T', 4127.65, '0', 100, 50, 55, 12, 0, 3175.12, 3.00, 0.00),
(954, 'GRIPMAX A/T', '225/75 R15 102S', 'A/T', 4295.88, '0', 100, 50, 55, 12, 0, 3304.52, 0.00, 0.00),
(955, 'GRIPMAX A/T', '235/75 R15 109T XL', 'A/T', 5286.35, '0', 100, 50, 55, 12, 0, 4066.43, 0.00, 0.00),
(956, 'GRIPMAX A/T', 'LT235/75 R15 104/101S ', 'A/T', 5504.33, '0', 100, 50, 55, 12, 0, 4234.10, 0.00, 0.00),
(957, 'GRIPMAX A/T', '215/65 R16 98T', 'A/T', 4113.39, '0', 100, 50, 55, 12, 0, 3164.14, 0.00, 0.00),
(958, 'GRIPMAX A/T', '215/70 R16 100T', 'A/T', 4700.32, '0', 100, 50, 55, 12, 0, 3615.63, 0.00, 0.00),
(959, 'GRIPMAX A/T', '225/75 R16 108T', 'A/T', 4551.65, '0', 100, 50, 55, 12, 0, 3501.27, 0.00, 0.00),
(960, 'GRIPMAX A/T', '225/70 R16 103T', 'A/T', 4428.74, '0', 100, 50, 55, 12, 0, 3406.73, 0.00, 0.00),
(961, 'GRIPMAX A/T', '235/70 R16 106T', 'A/T', 4414.35, '0', 100, 50, 55, 12, 0, 3395.65, 0.00, 0.00),
(962, 'GRIPMAX A/T', '245/70 R16 111T XL', 'A/T', 5205.94, '0', 100, 50, 55, 12, 0, 4004.57, 7.00, 0.00),
(963, 'GRIPMAX A/T', '255/70 R16 111T', 'A/T', 5617.57, '0', 100, 50, 55, 12, 0, 4321.21, 0.00, 0.00),
(964, 'GRIPMAX A/T', '265/70 R16 112T', 'A/T', 6059.03, '0', 100, 50, 55, 12, 0, 4660.80, 2.00, 0.00),
(965, 'GRIPMAX A/T', '245/75 R16 111T', 'A/T', 5218.23, '0', 100, 50, 55, 12, 0, 4014.02, 0.00, 0.00),
(966, 'GRIPMAX A/T', '265/75 R16 116S', 'A/T', 5996.87, '0', 100, 50, 55, 12, 0, 4612.98, 0.00, 0.00),
(967, 'GRIPMAX A/T', '225/65 R17 102T', 'A/T', 4594.35, '0', 100, 50, 55, 12, 0, 3534.12, 0.00, 0.00),
(968, 'GRIPMAX A/T', '265/65 R17 112T', 'A/T', 6474.48, '0', 100, 50, 55, 12, 0, 4980.37, 3.00, 0.00),
(969, 'GRIPMAX A/T', '265/70 R17 115T', 'A/T', 6160.38, '0', 100, 50, 55, 12, 0, 4738.75, 3.00, 0.00),
(970, 'GRIPMAX A/T', '265/60 R18 110T', 'A/T', 6722.06, '0', 100, 50, 55, 12, 0, 5170.81, 5.00, 0.00),
(971, 'GRIPMAX A/T', '285/60 R18 120T XL', 'A/T', 7295.94, '0', 100, 50, 55, 12, 0, 5612.26, 0.00, 0.00),
(972, 'GRIPMAX A/T', '265/50R20 111T XL', 'A/T', 7284.19, '0', 100, 50, 55, 12, 0, 5603.22, 3.00, 0.00),
(973, 'GRIPMAX A/T', 'LT31*10.50 R15 109S', 'A/T', 6952.25, '0', 100, 50, 55, 12, 0, 5347.88, 0.00, 0.00),
(974, 'MUDRAGE M/T', '205/70R15 100Q', 'M/T', 5365.27, '0', 100, 50, 55, 12, 0, 4127.13, 0.00, 0.00),
(975, 'MUDRAGE M/T', 'LT285/75 R16 126/123Q', 'M/T', 9473.45, '0', 100, 50, 55, 12, 0, 7287.27, 0.00, 0.00),
(976, 'MUDRAGE M/T', 'LT285/70 R17 121/118Q', 'M/T', 10057.43, '0', 100, 50, 55, 12, 0, 7736.48, 0.00, 0.00),
(977, 'MUDRAGE M/T', 'LT235/75 R15 104/101Q', 'M/T', 6488.46, '0', 100, 50, 55, 12, 0, 4991.12, 0.00, 0.00),
(978, 'MUDRAGE M/T', 'LT265/75 R16 123/120Q', 'M/T', 8754.98, '0', 100, 50, 55, 12, 0, 6734.60, 0.00, 0.00),
(979, 'MUDRAGE M/T', 'LT245/75 R16 120/116Q', 'M/T', 8357.23, '0', 100, 50, 55, 12, 0, 6428.64, 0.00, 0.00),
(980, 'MUDRAGE M/T', 'LT265/70 R17 121/118Q', 'M/T', 9472.35, '0', 100, 50, 55, 12, 0, 7286.42, 0.00, 0.00),
(981, 'MUDRAGE M/T', 'LT30*9.50 R15 104Q', 'M/T', 7675.69, '0', 100, 50, 55, 12, 0, 5904.38, 0.00, 0.00),
(982, 'MUDRAGE M/T', 'LT31*10.50 R15 109Q', 'M/T', 8160.45, '0', 100, 50, 55, 12, 0, 6277.27, 0.00, 0.00),
(983, 'MUDRAGE M/T', 'LT33*12.50 R15 108Q', 'M/T', 9145.30, '0', 100, 50, 55, 12, 0, 7034.85, 0.00, 0.00),
(984, 'MUDRAGE M/T', '185R14C 102/100Q', 'M/T', 4069.66, '0', 100, 50, 55, 12, 0, 3130.51, 0.00, 0.00),
(985, 'MUDRAGE M/T', '195R14C 106/104Q', 'M/T', 4292.73, '0', 100, 50, 55, 12, 0, 3302.10, 0.00, 0.00),
(986, 'INCEPTION S/T MAXX', 'LT285/60 R18 122/119Q', 'S/T', 8868.18, '0', 100, 50, 55, 12, 0, 6821.67, 0.00, 0.00),
(987, 'INCEPTION S/T MAXX', 'LT265/65 R17 120/117Q', 'S/T', 8544.80, '0', 100, 50, 55, 12, 0, 6572.92, 16.00, 0.00),
(988, 'INCEPTION S/T MAXX', 'LT285/65 R17 121/118Q', 'S/T', 8972.04, '0', 100, 50, 55, 12, 0, 6901.57, 0.00, 0.00),
(989, 'INCEPTION S/T MAXX', 'LT285/70 R17 121/118Q', 'S/T', 10827.58, '0', 100, 50, 55, 12, 0, 8328.91, 0.00, 0.00),
(1014, 'PREMIUM TBR', '10.00R20-18PR', 'CM998 MIXED LUG', 14263.21, '0', 100, 50, 53, 12, 0, 13330.11, 0.00, 0.00),
(1015, 'PREMIUM TBR', '10.00R20-18PR', 'CB972 MINING LUG', 14564.84, '0', 84, 50, 53, 12, 0, 13612.00, 0.00, 0.00),
(1016, 'PREMIUM TBR', '11.00R20-18PR', 'CR926 MIXED LUG', 15084.58, '0', 100, 50, 53, 12, 0, 14097.74, 0.00, 0.00),
(1017, 'PREMIUM TBR', '12.00R20-18PR', 'CR926 MIXED LUG', 18385.60, '0', 100, 50, 53, 12, 0, 17182.80, 0.00, 0.00),
(1018, 'PREMIUM TBR', '11R22.5-16PR', 'AS668 SUPER RIB', 12409.41, '0', 100, 50, 53, 12, 0, 11597.58, 0.00, 0.00),
(1019, 'PREMIUM TBR', '11R22.5-16PR', 'CM988 MIXED LUG', 12409.41, '0', 100, 50, 53, 12, 0, 11597.58, 0.00, 0.00),
(1020, 'PREMIUM TBR', '11R22.5-16PR', 'MD738 MIXED LUG', 12658.10, '0', 88, 50, 53, 12, 0, 11830.00, 0.00, 0.00),
(1021, 'PREMIUM TBR', '12R22.5-18PR', 'AS668 SUPER RIB', 14665.85, '0', 100, 50, 53, 12, 0, 13706.40, 9.00, 0.00),
(1022, 'PREMIUM TBR', '12R22.5-18PR', 'CM985 MIXED LUG', 14665.85, '0', 100, 50, 53, 12, 0, 13706.40, 10.00, 0.00),
(1023, 'PREMIUM TBR', '235/75R17.5-16PR', 'CR960A SUPER RIB', 7991.74, '0', 100, 50, 53, 12, 0, 7468.92, 0.00, 0.00),
(1024, 'PREMIUM TBR', '245/70R19.5-16PR', 'CR960A SUPER RIB', 8630.81, '0', 100, 50, 53, 12, 0, 8066.17, 0.00, 0.00),
(1025, 'PREMIUM TBR', '275/70R22.5-16PR', 'CR976A SUPER RIB', 13216.98, '0', 100, 50, 53, 12, 0, 12352.32, 0.00, 0.00),
(1026, 'PREMIUM TBR', '295/80R22.5-18PR', 'CR926D MIXED LUG', 13146.96, '0', 100, 50, 53, 12, 0, 12286.88, -2.00, 0.00),
(1027, 'PREMIUM TBR', '295/80R22.5-18PR', 'MD738 MIXED LUG', 13898.58, '0', 100, 50, 53, 12, 0, 12989.33, -1.00, 0.00),
(1028, 'PREMIUM TBR', '315/80R22.5-18PR', 'CR926B MIXED LUG', 14302.89, '0', 100, 50, 53, 12, 0, 13367.19, -2.00, 0.00),
(1029, 'PREMIUM TBR', '315/80R22.5-18PR', 'CM923 MIXED LUG', 14686.01, '0', 100, 50, 53, 12, 0, 13725.24, -5.00, 0.00),
(1074, 'LVR/VAN', '155-R12C 88/86P 8PR ', 'ECOVAN', 2610.38, '0', 250, 75, 54, 7, 0, 2088.30, 0.00, 0.00),
(1075, 'LVR/VAN', '165-R13C 94/92Q 8PR', 'ECOVAN', 3161.08, '0', 250, 75, 54, 7, 0, 2528.87, 0.00, 0.00),
(1076, 'LVR/VAN', '175-R13C 97/95Q 8PR', 'ECOVAN', 3242.14, '0', 240, 75, 54, 7, 0, 2593.71, 0.00, 0.00),
(1077, 'LVR/VAN', '185-R14C 102/100R 8PR', 'ECOVAN', 3683.67, '0', 250, 75, 54, 7, 0, 2946.94, 0.00, 0.00),
(1078, 'LVR/VAN', '185-R14C 102/100R 8PR', 'ECOVAN', 3683.67, '0', 250, 75, 54, 7, 0, 2946.94, 0.00, 0.00),
(1079, 'LVR/VAN', '195-R14C 106/104R 8PR ', 'ECOVAN', 4053.81, '0', 250, 75, 54, 7, 0, 3243.05, 0.00, 0.00),
(1080, 'LVR/VAN', '195-R14C 106/104R 8PR', 'ECOVAN', 4053.81, '0', 250, 75, 54, 7, 0, 3243.05, 0.00, 0.00),
(1081, 'LVR/VAN', '195-R15C 106/104R 8PR ', 'ECOVAN', 4534.70, '0', 250, 75, 54, 7, 0, 3627.76, 0.00, 0.00),
(1082, 'LVR/VAN', '195-R15C 106/104R 8PR ', 'ECOVAN', 4534.70, '0', 250, 75, 54, 7, 0, 3627.76, 0.00, 0.00),
(1083, 'LVR/VAN', '195/70 R15C 8PR 104/102R', 'ECOVAN', 4039.34, '0', 250, 75, 54, 7, 0, 3231.47, 0.00, 0.00),
(1084, 'LVR/VAN', '205/70 R15C 106/104S 8PR', 'ECOVAN', 4487.60, '0', 250, 75, 54, 7, 0, 3590.08, 0.00, 0.00),
(1085, 'LVR/VAN', '215/70 R15C 8PR 109/107R', 'ECOVAN', 4724.84, '0', 250, 75, 54, 7, 0, 3779.87, 0.00, 0.00),
(1086, 'LVR/VAN', '225/70 R15C 112/110R 8PR', 'ECOVAN', 5197.08, '0', 250, 75, 54, 7, 0, 4157.67, 0.00, 0.00),
(1087, 'LVR/VAN', '195/75 R16C 110/108R 10PR', 'ECOVAN', 4604.45, '0', 250, 75, 54, 7, 0, 3683.56, 0.00, 0.00),
(1088, 'LVR/VAN', '205/75 R16C 110/108R 8PR', 'ECOVAN', 5134.39, '0', 250, 75, 54, 7, 0, 4107.51, 0.00, 0.00),
(1089, 'LVR/VAN', '215/75 R16C 116/114R 8PR', 'ECOVAN', 5547.99, '0', 250, 75, 54, 7, 0, 4438.39, 3.00, 0.00),
(1090, 'LVR/VAN', '225/75 R16C 121/120R 10PR', 'ECOVAN', 6420.42, '0', 250, 75, 54, 7, 0, 5136.33, 0.00, 0.00),
(1091, 'SUPER STEEL 60 SERIES', '205/60 R13 87H ', 'SS-657', 2857.43, '0', 250, 75, 54, 7, 0, 2198.02, 0.00, 0.00),
(1092, 'SUPER STEEL 60 SERIES', '205/60 R13 87H PLUS', 'SS-657', 2857.43, '0', 250, 75, 54, 7, 0, 2198.02, 0.00, 0.00),
(1093, 'SUPER STEEL 60 SERIES', '165/60 R14 75H', 'SS-657', 2134.17, '0', 250, 75, 54, 7, 0, 1707.34, 0.00, 0.00),
(1094, 'SUPER STEEL 60 SERIES', '185/60 R14 82H ', 'SS-657', 2633.53, '0', 250, 75, 54, 7, 0, 2106.83, 0.00, 0.00),
(1095, 'SUPER STEEL 60 SERIES', '195/60 R14 86H ', 'SS-657', 2707.84, '0', 250, 75, 54, 7, 0, 2166.28, 0.00, 0.00),
(1096, 'SUPER STEEL 60 SERIES', '185/60 R15 84H', 'SS-657', 2790.64, '0', 250, 75, 54, 7, 0, 2232.51, 0.00, 0.00),
(1097, 'SUPER STEEL 60 SERIES', '195/60 R15 88H', 'SS-657', 2664.84, '0', 250, 75, 54, 7, 0, 2131.87, 0.00, 0.00),
(1098, 'SUPER STEEL 60 SERIES', '205/60 R15 91H', 'SS-657', 3011.82, '0', 250, 75, 54, 7, 0, 2409.46, 0.00, 0.00),
(1099, 'SUPER STEEL 65 SERIES', '165/65 R13 77T', 'SS-657', 2268.55, '0', 250, 75, 54, 7, 0, 1814.84, 0.00, 0.00),
(1100, 'SUPER STEEL 65 SERIES', '165/65 R13 77H', 'SS-657', 2268.55, '0', 250, 75, 54, 7, 0, 1814.84, 0.00, 0.00),
(1101, 'SUPER STEEL 65 SERIES', '165/65 R14 79T ', 'SS-657', 2369.02, '0', 250, 75, 54, 7, 0, 1895.21, 0.00, 0.00),
(1102, 'SUPER STEEL 65 SERIES', '175/65 R14 82T', 'SS-657', 2549.86, '0', 250, 75, 54, 7, 0, 2039.89, 0.00, 0.00),
(1103, 'SUPER STEEL 65 SERIES', '185/65 R14 86T', 'SS-657', 2653.57, '0', 250, 75, 54, 7, 0, 2122.86, 0.00, 0.00),
(1104, 'SUPER STEEL 65 SERIES', '185/65 R14 86H', 'SS-657', 2653.57, '0', 250, 75, 54, 7, 0, 2122.86, 0.00, 0.00),
(1105, 'SUPER STEEL 65 SERIES', '185/65 R15 88H ', 'SS-657', 3026.46, '0', 250, 75, 54, 7, 0, 2421.17, 0.00, 0.00),
(1106, 'SUPER STEEL 65 SERIES', '195/65 R15 91T', 'SS-657', 3200.35, '0', 250, 75, 54, 7, 0, 2560.28, 0.00, 0.00),
(1107, 'SUPER STEEL 65 SERIES', '205/65 R15 95H', 'SS-657', 3341.20, '0', 250, 75, 54, 7, 0, 2672.96, 0.00, 0.00),
(1108, 'SUPER STEEL 65 SERIES', '215/65 R15 96H', 'SS-657', 3704.25, '0', 250, 75, 54, 7, 0, 2963.40, 0.00, 0.00),
(1109, 'SUPER STEEL 70 SERIES', '145/70 R13 71T', 'SS-657', 1998.12, '0', 250, 75, 54, 7, 0, 1598.48, 0.00, 0.00),
(1110, 'SUPER STEEL 70 SERIES', '165/70 R13 79T', 'SS-657', 2206.71, '0', 250, 75, 54, 7, 0, 1765.37, 0.00, 0.00),
(1111, 'SUPER STEEL 70 SERIES', '175/70 R13 82T', 'SS-657', 2305.74, '0', 250, 75, 54, 7, 0, 1844.59, 0.00, 0.00),
(1112, 'SUPER STEEL 70 SERIES', '185/70 R13 86T', 'SS-657', 2378.70, '0', 250, 75, 54, 7, 0, 1902.96, 0.00, 0.00),
(1113, 'SUPER STEEL 70 SERIES', '175/70 R14 84T', 'SS-657', 2478.13, '0', 250, 75, 54, 7, 0, 1982.51, 0.00, 0.00),
(1114, 'SUPER STEEL 70 SERIES', '185/70 R14 88T', 'SS-657', 2656.01, '0', 250, 75, 54, 7, 0, 2124.81, 0.00, 0.00),
(1115, 'SUPER STEEL 70 SERIES', '195/70 R14 91T', 'SS-657', 2937.14, '0', 250, 75, 54, 7, 0, 2349.71, 0.00, 0.00),
(1116, 'SUPER STEEL 70 SERIES', '205/70 R14 95T', 'SS-657', 3285.03, '0', 250, 75, 54, 7, 0, 2628.02, 0.00, 0.00),
(1117, 'SUPER STEEL 70 SERIES', '205/70 R15 96T', 'SS-657', 3362.68, '0', 250, 75, 54, 7, 0, 2690.15, 0.00, 0.00),
(1118, 'SUPER STEEL 70 SERIES', '215/70 R15 98T', 'SS-657', 3741.28, '0', 250, 75, 54, 7, 0, 2993.02, 0.00, 0.00),
(1119, 'SUPER STEEL 70 SERIES', '165/80 R13 83T ', 'SS-657', 2303.72, '0', 250, 75, 54, 7, 0, 1842.97, 0.00, 0.00),
(1120, 'SUPER STEEL 70 SERIES', '185/80 R14 91T', 'SS-657', 3077.82, '0', 250, 75, 54, 7, 0, 2462.25, 0.00, 0.00),
(1121, 'FORMOZA GIO 60 SERIES', '165/60 R14 75H', 'GIO', 2166.19, '0', 250, 75, 54, 7, 0, 1732.95, 0.00, 0.00),
(1122, 'FORMOZA GIO 60 SERIES', '185/60 R14 82H', 'GIO', 2633.53, '0', 250, 75, 54, 7, 0, 2106.83, 0.00, 0.00),
(1123, 'FORMOZA GIO 60 SERIES', '185/60 R15 84H', 'GIO', 2960.59, '0', 250, 75, 54, 7, 0, 2368.47, 0.00, 0.00),
(1124, 'FORMOZA GIO 60 SERIES', '195/60 R15 88H ', 'GIO', 3019.02, '0', 250, 75, 54, 7, 0, 2415.22, 0.00, 0.00),
(1125, 'FORMOZA GIO 60 SERIES', '165/50 R15 73V ', 'GIO', 2562.81, '0', 250, 75, 54, 7, 0, 2050.25, 0.00, 0.00),
(1126, 'FORMOZA GIO 65 SERIES', '165/65 R13 77H', 'GIO', 2332.01, '0', 250, 75, 54, 7, 0, 1865.61, 0.00, 0.00),
(1127, 'FORMOZA GIO 65 SERIES', '155/70 R13 75T', 'GIO', 2425.31, '0', 240, 75, 54, 7, 0, 1940.25, 0.00, 0.00),
(1128, 'FORMOZA GIO 65 SERIES', '155/80R13 79T ', 'GIO', 2626.15, '0', 250, 75, 54, 7, 0, 2100.92, 0.00, 0.00),
(1129, 'FORMOZA GIO 65 SERIES', '165/65 R14 79T', 'GIO', 2451.93, '0', 250, 75, 54, 7, 0, 1961.55, 3.00, 0.00),
(1130, 'FORMOZA GIO 65 SERIES', '175/65 R14 82H ', 'GIO', 2600.86, '0', 250, 75, 54, 7, 0, 2080.69, 0.00, 0.00),
(1131, 'FORMOZA GIO 65 SERIES', '185/65 R14 86H', 'GIO', 2747.25, '0', 250, 75, 54, 7, 0, 2197.80, 0.00, 0.00),
(1132, 'FORMOZA GIO 65 SERIES', '185/65 R15 88H', 'GIO', 3026.46, '0', 250, 75, 54, 7, 0, 2421.15, 0.00, 0.00),
(1133, 'FORMOZA GIO 65 SERIES', '195/65 R15 91H', 'GIO', 3312.36, '0', 250, 75, 54, 7, 0, 2649.89, 0.00, 0.00),
(1134, 'FORMOZA GIO 65 SERIES', '205/65 R15 95H', 'GIO', 3508.26, '0', 250, 75, 54, 7, 0, 2806.61, 0.00, 0.00),
(1135, 'FORMOZA AZ 01', '175/65 R15 84H', 'AZ01', 3404.26, '0', 250, 75, 54, 7, 0, 2618.66, 0.00, 0.00),
(1136, 'FORMOZA AZ 01', '195/55 R15 85V', 'AZ01', 3315.00, '0', 250, 75, 54, 7, 0, 2550.00, 0.00, 0.00),
(1137, 'FORMOZA AZ 01', '195/50 R15 82V', 'AZ01', 3103.89, '0', 250, 75, 54, 7, 0, 2387.61, 0.00, 0.00),
(1138, 'FORMOZA AZ 01', '185/55 R16 83V', 'AZ01', 3820.28, '0', 250, 75, 54, 7, 0, 2938.68, 0.00, 0.00),
(1139, 'FORMOZA AZ 01', '195/50 R16 84V', 'AZ01', 3785.96, '0', 250, 75, 54, 7, 0, 2912.27, 0.00, 0.00),
(1140, 'FORMOZA AZ 01', '225/50 ZR16 92W', 'AZ01', 4075.86, '0', 250, 75, 54, 7, 0, 3135.27, 0.00, 0.00),
(1141, 'FORMOZA AZ 01', '215/60 R17 96H', 'AZ01', 4914.00, '0', 250, 75, 54, 7, 0, 3780.00, 0.00, 0.00),
(1142, 'FORMOZA AZ 01', '225/55 ZR17 101W XL', 'AZ01', 5136.41, '0', 250, 75, 54, 7, 0, 3951.08, 0.00, 0.00),
(1143, 'FORMOZA AZ 01', '215/45 ZR17 91W ', 'AZ01', 4241.58, '0', 250, 75, 54, 7, 0, 3262.75, 0.00, 0.00),
(1144, 'FORMOZA AZ 01', '245/40 ZR17 91W', 'AZ01', 6404.17, '0', 250, 75, 54, 7, 0, 4926.28, 0.00, 0.00),
(1145, 'FORMOZA AZ 01', '225/45 ZR18 95W XL', 'AZ01', 5364.27, '0', 250, 75, 54, 7, 0, 4126.36, 0.00, 0.00),
(1146, 'FORMOZA AZ 01', '245/45 ZR18 100W XL', 'AZ01', 5603.50, '0', 250, 75, 54, 7, 0, 4310.39, 0.00, 0.00),
(1147, 'FORMOZA AZ 01', '235/40 ZR18 95W XL', 'AZ01', 5474.00, '0', 250, 75, 54, 7, 0, 4210.77, 0.00, 0.00),
(1148, 'FORMOZA AZ 01', '245/40 ZR18 93W ', 'AZ01', 5519.71, '0', 250, 75, 54, 7, 0, 4245.93, 0.00, 0.00),
(1149, 'FORMOZA PREMIUM TOURING', '185/60 R13 80H', 'FD1', 2771.35, '0', 250, 75, 54, 7, 0, 2131.81, 0.00, 0.00),
(1150, 'FORMOZA FD2', '155/65 R14 75H', 'FD2', 2594.55, '0', 250, 75, 54, 7, 0, 1995.81, 0.00, 0.00),
(1151, 'FORMOZA FD2', '195/65 R15 91V', 'FD2', 3494.78, '0', 250, 75, 54, 7, 0, 2688.29, 0.00, 0.00),
(1152, 'FORMOZA FD2', '205/65 R15 95V', 'FD2', 3831.02, '0', 250, 75, 54, 7, 0, 2946.94, 0.00, 0.00),
(1153, 'FORMOZA FD2', '215/65 R15 96V', 'FD2', 4131.88, '0', 250, 75, 54, 7, 0, 3178.37, 0.00, 0.00),
(1154, 'FORMOZA FD2', '195/60 R15 88V ', 'FD2', 3074.45, '0', 250, 75, 54, 7, 0, 2364.96, 0.00, 0.00),
(1155, 'FORMOZA FD2', '205/60 R15 91V', 'FD2', 3852.75, '0', 250, 75, 54, 7, 0, 2963.65, 0.00, 0.00),
(1156, 'FORMOZA FD2', '215/60 R15 94V', 'FD2', 4083.77, '0', 250, 75, 54, 7, 0, 2594.55, 0.00, 0.00),
(1157, 'FORMOZA FD2', '195/55 R15 85V', 'FD2', 3245.75, '0', 250, 75, 54, 7, 0, 4083.77, 0.00, 0.00),
(1158, 'FORMOZA FD2', '205/65 R16 95V', 'FD2', 4428.11, '0', 250, 75, 54, 7, 0, 3406.24, 0.00, 0.00),
(1159, 'FORMOZA FD2', '215/65 R16 98V', 'FD2', 4676.53, '0', 250, 75, 54, 7, 0, 3597.33, 0.00, 0.00),
(1160, 'FORMOZA FD2', '235/65 R16 103H', 'FD2', 5398.44, '0', 250, 75, 54, 7, 0, 4152.65, 0.00, 0.00),
(1161, 'FORMOZA FD2', '205/60 R16 92V', 'FD2', 4283.01, '0', 250, 75, 54, 7, 0, 3294.62, 0.00, 0.00),
(1162, 'FORMOZA FD2', '215/60 R16 95V', 'FD2', 4618.33, '0', 250, 75, 54, 7, 0, 3552.56, 0.00, 0.00),
(1163, 'FORMOZA FD2', '215/60 R16 99V XL', 'FD2', 4618.33, '0', 250, 75, 54, 7, 0, 3552.56, 0.00, 0.00),
(1164, 'FORMOZA FD2', '225/60 R16 98V', 'FD2', 4854.05, '0', 250, 75, 54, 7, 0, 3733.88, 0.00, 0.00),
(1165, 'FORMOZA FD2', '205/55 ZR16 94W XL', 'FD2', 4341.53, '0', 250, 75, 54, 7, 0, 3339.64, 0.00, 0.00),
(1166, 'FORMOZA FD2', '215/55 ZR16 97W XL', 'FD2', 4904.01, '0', 250, 75, 54, 7, 0, 3772.32, 0.00, 0.00),
(1167, 'FORMOZA FD2', '225/55 ZR16 99W XL', 'FD2', 4939.32, '0', 250, 75, 54, 7, 0, 3799.48, 0.00, 0.00),
(1168, 'FORMOZA FD2', '205/45 ZR16 87W XL', 'FD2', 4024.43, '0', 250, 75, 54, 7, 0, 3095.72, 0.00, 0.00),
(1169, 'FORMOZA FD2', '215/65 R17 99H', 'FD2', 5030.34, '0', 250, 75, 54, 7, 0, 3869.49, 0.00, 0.00),
(1170, 'FORMOZA FD2', '215/60 R17 96H', 'FD2', 4884.23, '0', 250, 75, 54, 7, 0, 3757.10, 0.00, 0.00),
(1171, 'FORMOZA FD2', '225/60 R17 99H', 'FD2', 5481.72, '0', 250, 75, 54, 7, 0, 4216.71, 0.00, 0.00),
(1172, 'FORMOZA FD2', '205/55 ZR17 95Y XL', 'FD2', 5363.04, '0', 250, 75, 54, 7, 0, 4125.42, 0.00, 0.00),
(1173, 'FORMOZA FD2', '215/55 ZR17 98W XL', 'FD2', 5303.24, '0', 250, 75, 54, 7, 0, 4079.42, 0.00, 0.00),
(1174, 'FORMOZA FD2', '225/55 ZR17 101W XL', 'FD2', 5724.53, '0', 250, 75, 54, 7, 0, 4403.49, 0.00, 0.00),
(1175, 'FORMOZA FD2', '235/55 ZR17 103W XL', 'FD2', 5703.08, '0', 250, 75, 54, 7, 0, 4386.99, 0.00, 0.00),
(1176, 'FORMOZA FD2', '215/50 ZR17 95W XL', 'FD2', 4983.55, '0', 250, 75, 54, 7, 0, 3833.50, 0.00, 0.00),
(1177, 'FORMOZA FD2', '235/50 ZR17 96W', 'FD2', 5757.40, '0', 250, 75, 54, 7, 0, 4428.77, 0.00, 0.00),
(1178, 'FORMOZA FD2', '215/45 ZR17 91W XL', 'FD2', 4236.19, '0', 250, 75, 54, 7, 0, 3258.61, 0.00, 0.00),
(1179, 'FORMOZA FD2', '225/45 ZR17 94W XL', 'FD2', 4781.89, '0', 250, 75, 54, 7, 0, 3678.37, 0.00, 0.00),
(1180, 'FORMOZA FD2', '215/40 ZR17 83W', 'FD2', 4496.67, '0', 250, 75, 54, 7, 0, 3458.98, 0.00, 0.00),
(1181, 'FORMOZA FD2', '225/60 R18 100H', 'FD2', 5587.04, '0', 250, 75, 54, 7, 0, 4297.72, 0.00, 0.00),
(1182, 'FORMOZA FD2', '215/45 ZR18 93W XL', 'FD2', 5322.17, '0', 250, 75, 54, 7, 0, 4093.98, 0.00, 0.00),
(1183, 'FORMOZA FD2', '225/45 ZR18 95W XL', 'FD2', 5140.69, '0', 250, 75, 54, 7, 0, 3954.38, 0.00, 0.00),
(1184, 'FORMOZA FD2', '215/40 ZR18 85W', 'FD2', 5393.04, '0', 250, 75, 54, 7, 0, 4148.50, 0.00, 0.00),
(1185, 'FORMOZA FD2', '225/40 ZR18 92W XL', 'FD2', 5465.95, '0', 250, 75, 54, 7, 0, 4204.58, 0.00, 0.00),
(1186, 'FORMOZA FD2', '225/50 ZR18 95W ', 'FD2', 5266.30, '0', 250, 75, 54, 7, 0, 4051.00, 0.00, 0.00),
(1187, 'UHP 35 SERIES', '215/35 ZR18 84W ', 'SS-595', 5234.05, '0', 250, 75, 54, 7, 0, 4026.19, 0.00, 0.00),
(1188, 'UHP 35 SERIES', '215/35 ZR18 84W RF', 'SS-595', 5234.05, '0', 250, 75, 54, 7, 0, 4026.19, 0.00, 0.00),
(1189, 'UHP 35 SERIES', '255/35 ZR18 90W', 'SS-595', 5977.81, '0', 250, 75, 54, 7, 0, 4598.32, 0.00, 0.00),
(1190, 'UHP 40 SERIES', '205/40 R17 80V', 'SS-595', 4139.61, '0', 250, 75, 54, 7, 0, 3184.32, 0.00, 0.00),
(1191, 'UHP 40 SERIES', '205/40 ZR17 80W', 'SS-595', 4139.61, '0', 250, 75, 54, 7, 0, 3184.32, 0.00, 0.00),
(1192, 'UHP 40 SERIES', '215/40 R17 83V', 'SS-595', 4407.06, '0', 250, 75, 54, 7, 0, 3390.04, 0.00, 0.00),
(1193, 'UHP 40 SERIES', '235/40 R17 90V', 'SS-595', 5156.04, '0', 250, 75, 54, 7, 0, 3966.18, 0.00, 0.00),
(1194, 'UHP 40 SERIES', '245/40 R17 92V', 'SS-595', 5425.20, '0', 250, 75, 54, 7, 0, 4173.23, 0.00, 0.00),
(1195, 'UHP 40 SERIES', '255/40 R17 94V', 'SS-595', 5012.93, '0', 250, 75, 54, 7, 0, 3856.10, 0.00, 0.00),
(1196, 'UHP 40 SERIES', '215/40 ZR18 85W', 'SS-595', 5246.95, '0', 250, 75, 54, 7, 0, 4036.11, 0.00, 0.00),
(1197, 'UHP 40 SERIES', '225/40 ZR18 88W', 'SS-595', 5576.33, '0', 250, 75, 54, 7, 0, 4289.48, 0.00, 0.00),
(1198, 'UHP 40 SERIES', '235/40 ZR18 91W', 'SS-595', 5624.14, '0', 250, 75, 54, 7, 0, 4326.26, 9.00, 0.00),
(1199, 'UHP 40 SERIES', '245/40 ZR18 93W', 'SS-595', 6027.31, '0', 250, 75, 54, 7, 0, 4636.39, 0.00, 0.00),
(1200, 'UHP 40 SERIES', '255/40 ZR18 99W XL', 'SS-595', 6139.97, '0', 250, 75, 54, 7, 0, 4723.05, 0.00, 0.00),
(1201, 'UHP 40 SERIES', '245/40 ZR19 98Y XL', 'SS-595', 7507.62, '0', 250, 75, 54, 7, 0, 5775.09, 0.00, 0.00),
(1202, 'UHP 40 SERIES', '255/40 ZR19 96W ', 'SS-595', 7884.72, '0', 250, 75, 54, 7, 0, 6065.17, 11.00, 0.00),
(1203, 'UHP 50 SERIES', '195/50 ZR15 82W', 'SS-595', 3833.48, '0', 250, 75, 54, 7, 0, 2948.83, 0.00, 0.00),
(1204, 'UHP 50 SERIES', '205/50 ZR16 87W', 'SS-595', 4745.40, '0', 250, 75, 54, 7, 0, 3650.31, 0.00, 0.00),
(1205, 'UHP 50 SERIES', '205/50 ZR17 93W XL', 'SS-595', 4836.10, '0', 250, 75, 54, 7, 0, 3720.08, 0.00, 0.00),
(1206, 'UHP 50 SERIES', '215/50 ZR17 91W', 'SS-595', 5168.35, '0', 250, 75, 54, 7, 0, 3975.66, 0.00, 0.00),
(1207, 'UHP 50 SERIES', '225/50 ZR17 94W', 'SS-595', 5170.15, '0', 250, 75, 54, 7, 0, 3977.04, 0.00, 0.00),
(1208, 'UHP 50 SERIES', '255/50 R17 101V', 'SS-595', 6603.27, '0', 250, 75, 54, 7, 0, 5079.44, 0.00, 0.00),
(1209, 'UHP 50 SERIES', '235/50 ZR18 101W XL', 'SS-595', 6110.06, '0', 250, 75, 54, 7, 0, 4700.04, 0.00, 0.00),
(1210, 'UHP 55 SERIES', '185/55 R14 80V', 'SS-595', 3338.24, '0', 250, 75, 54, 7, 0, 2567.88, 0.00, 0.00),
(1211, 'UHP 55 SERIES', '185/55 R15 82V', 'SS-595', 3400.30, '0', 250, 75, 54, 7, 0, 2615.61, 0.00, 0.00),
(1212, 'UHP 55 SERIES', '195/55 ZR15 85W', 'SS-595', 3886.00, '0', 250, 75, 54, 7, 0, 2989.23, 0.00, 0.00),
(1213, 'UHP 55 SERIES', '205/55 ZR16 91W', 'SS-595', 4430.89, '0', 250, 75, 54, 7, 0, 3408.37, 0.00, 0.00),
(1214, 'UHP 55 SERIES', '215/55 ZR16 93W', 'SS-595', 4777.41, '0', 250, 75, 54, 7, 0, 3674.93, 0.00, 0.00),
(1215, 'UHP 55 SERIES', '225/55 ZR17 97W', 'SS-595', 5605.39, '0', 250, 75, 54, 7, 0, 4311.84, 0.00, 0.00),
(1216, 'UHP 55 SERIES', '255/55 R17 102V', 'SS-595', 6684.22, '0', 250, 75, 54, 7, 0, 5141.71, 0.00, 0.00),
(1217, 'UHP 55 SERIES', '255/55 R18 109V XL', 'SS-595', 6888.88, '0', 250, 75, 54, 7, 0, 5299.14, 0.00, 0.00),
(1218, 'UHP 60 SERIES', '185/60 R13 80H', 'SS-595', 2757.71, '0', 250, 75, 54, 7, 0, 2121.31, 0.00, 0.00),
(1219, 'UHP 60 SERIES', '205/60 R13 87H', 'SS-595', 3328.56, '0', 250, 75, 54, 7, 0, 2560.43, 0.00, 0.00),
(1220, 'UHP EVO', '165/55 R15 75V ', '595-EVO', 3336.91, '0', 250, 75, 54, 7, 0, 2566.86, 0.00, 0.00),
(1221, 'UHP EVO', '195/55 R15 85V', '595-EVO', 3781.95, '0', 250, 75, 54, 7, 0, 2909.19, 0.00, 0.00),
(1222, 'UHP EVO', '195/50 R15 82V', '595-EVO', 3462.83, '0', 250, 75, 54, 7, 0, 2663.72, 0.00, 0.00),
(1223, 'UHP EVO', '195/55 R16 87V', '595-EVO', 4012.10, '0', 250, 75, 54, 7, 0, 3086.23, 0.00, 0.00),
(1224, 'UHP EVO', '205/55 ZR16 94W XL', '595-EVO', 4558.85, '0', 250, 75, 54, 7, 0, 3506.81, 0.00, 0.00),
(1225, 'UHP EVO', '205/50 ZR16 87W', '595-EVO', 4361.79, '0', 250, 75, 54, 7, 0, 3355.22, 0.00, 0.00),
(1226, 'UHP EVO', '205/45 ZR16 87W XL', '595-EVO', 4436.94, '0', 250, 75, 54, 7, 0, 3413.03, 0.00, 0.00),
(1227, 'UHP EVO', '205/45 ZR17 88Y XL', '595-EVO', 4752.48, '0', 250, 75, 54, 7, 0, 3655.75, 0.00, 0.00),
(1228, 'UHP EVO', '215/45 ZR17 91Y XL', '595-EVO', 4731.84, '0', 250, 75, 54, 7, 0, 3639.88, 0.00, 0.00),
(1229, 'UHP EVO', '225/45 ZR17 94Y XL', '595-EVO', 5174.56, '0', 250, 75, 54, 7, 0, 3980.43, 0.00, 0.00),
(1230, 'UHP EVO', '235/45 ZR17 97Y XL', '595-EVO', 5258.39, '0', 250, 75, 54, 7, 0, 4044.91, 0.00, 0.00),
(1231, 'UHP EVO', '255/45 ZR17 102Y XL', '595-EVO', 6494.11, '0', 250, 75, 54, 7, 0, 4995.47, 0.00, 0.00),
(1232, 'UHP EVO', '205/40 ZR17 84Y XL', '595-EVO', 4781.25, '0', 250, 75, 54, 7, 0, 3677.88, 0.00, 0.00),
(1233, 'UHP EVO', '215/40 ZR17 87Y XL', '595-EVO', 5048.15, '0', 250, 75, 54, 7, 0, 3883.20, 0.00, 0.00),
(1234, 'UHP EVO', '205/40 ZR18 86Y XL', '595-EVO', 5390.78, '0', 250, 75, 54, 7, 0, 4146.75, 0.00, 0.00),
(1235, 'UHP EVO', '225/40 ZR18 92Y XL', '595-EVO', 5838.71, '0', 250, 75, 54, 7, 0, 4491.32, 0.00, 0.00),
(1236, 'UHP EVO', '225/40 ZR19 93Y XL', '595-EVO', 7119.82, '0', 250, 75, 54, 7, 0, 5476.79, 0.00, 0.00),
(1237, 'UHP EVO', '225/35 ZR19 88Y XL', '595-EVO', 7146.17, '0', 250, 75, 54, 7, 0, 5497.05, 0.00, 0.00),
(1238, 'UHP EVO', '235/35 ZR19 91Y XL', '595-EVO', 8953.14, '0', 250, 75, 54, 7, 0, 6198.33, 0.00, 0.00),
(1239, 'UHP EVO', '245/35 ZR19 93Y XL ', '595-EVO', 8620.46, '0', 250, 75, 54, 7, 0, 6631.13, 0.00, 0.00),
(1240, 'UHP EVO', '255/35 ZR19 96Y XL', '595-EVO', 9452.23, '0', 250, 75, 54, 7, 0, 7270.95, 0.00, 0.00),
(1241, 'UHP EVO', '255/30 ZR20 92Y XL', '595-EVO', 10974.15, '0', 250, 75, 54, 7, 0, 8441.65, 0.00, 0.00),
(1242, 'UHP EVO', '255/35 ZR20 97Y XL', '595-EVO', 10501.82, '0', 250, 75, 54, 7, 0, 8078.32, 0.00, 0.00),
(1243, 'UHP EVO', '275/30 ZR20 97Y XL', '595-EVO', 10374.20, '0', 250, 75, 54, 7, 0, 7980.15, 0.00, 0.00),
(1244, 'UHP EVO', '285/30 ZR20 99Y XL', '595-EVO', 11778.98, '0', 250, 75, 54, 7, 0, 9060.75, 0.00, 0.00),
(1245, 'EVOLUZION ST-1', '225/40ZR19 93Y XL', 'EVOLUZION ST-1', 8304.18, '0', 250, 75, 54, 7, 0, 6387.83, 0.00, 0.00),
(1246, 'EVOLUZION ST-1', '275/70 ZR19 105Y XL', 'EVOLUZION ST-1', 10536.70, '0', 250, 75, 54, 7, 0, 8105.15, 0.00, 0.00),
(1247, 'EVOLUZION ST-1', '285/30 ZR20 99Y XL', 'EVOLUZION ST-1', 12367.92, '0', 250, 75, 54, 7, 0, 9513.79, 0.00, 0.00),
(1248, 'EVOLUZION ST-1', '245/35 ZR20 95Y XL', 'EVOLUZION ST-1', 10917.75, '0', 250, 75, 54, 7, 0, 8398.27, 0.00, 0.00),
(1249, '595 RPM', '215/45 ZR17 91Y XL', '595-RPM', 5448.01, '0', 250, 75, 54, 7, 0, 4190.78, 0.00, 0.00),
(1250, '595 RPM', '265/35 ZR18 97Y XL', '595-RPM', 8473.92, '0', 250, 75, 54, 7, 0, 6518.40, 5.00, 0.00),
(1251, '595 RPM', '225/40 ZR18 92Y XL', '595-RPM', 6928.23, '0', 250, 75, 54, 7, 0, 5329.41, 7.00, 0.00),
(1252, '595 RPM', '235/40 ZR18 91Y', '595-RPM', 6944.10, '0', 250, 75, 54, 7, 0, 5341.61, 0.00, 0.00),
(1253, '595 RPM', '245/40 ZR18 97Y XL', '595-RPM', 6950.25, '0', 250, 75, 54, 7, 0, 5346.35, 3.00, 0.00),
(1254, '595 RPM', '245/45 ZR18 96Y', '595-RPM', 7248.15, '0', 250, 75, 54, 7, 0, 5575.50, 0.00, 0.00),
(1255, '595 RPM', '255/45 ZR18 99Y', '595-RPM', 7184.96, '0', 250, 75, 54, 7, 0, 5526.90, 0.00, 0.00),
(1256, '595 RPM', '245/50 ZR18 100W', '595-RPM', 6859.96, '0', 250, 75, 54, 7, 0, 5276.89, 0.00, 0.00),
(1257, '595 RPM', '225/35 ZR19 88Y XL', '595-RPM', 8213.54, '0', 250, 75, 54, 7, 0, 6318.10, 0.00, 0.00),
(1258, '595 RPM', '235/35 ZR19 91Y XL', '595-RPM', 8420.43, '0', 250, 75, 54, 7, 0, 6477.26, 0.00, 0.00),
(1259, '595 RPM', '245/35 ZR19 93Y XL ', '595-RPM', 9264.82, '0', 250, 75, 54, 7, 0, 7126.79, 0.00, 0.00),
(1260, '595 RPM', '245/35 ZR21 93Y XL', '595-RPM', 14221.50, '0', 250, 75, 54, 7, 0, 10939.62, 0.00, 0.00);
INSERT INTO `product` (`product_id`, `productcode`, `productname`, `pattern`, `unitprice`, `set_price`, `stock`, `reorderlimit`, `category_id`, `supplier_id`, `status`, `unitcost`, `percentage`, `markup`) VALUES
(1261, '595 RPM', '255/35 ZR19 96Y XL', '595-RPM', 9239.34, '0', 250, 75, 54, 7, 0, 7107.19, 5.00, 0.00),
(1262, '595 RPM', '265/35 ZR19 98Y XL', '595-RPM', 9753.12, '0', 250, 75, 54, 7, 0, 7502.40, 0.00, 0.00),
(1263, '595 RPM', '285/35 ZR19 99Y', '595-RPM', 10855.03, '0', 250, 75, 54, 7, 0, 8350.02, 0.00, 0.00),
(1264, '595 RPM', '225/40 ZR19 93Y XL', '595-RPM', 8039.06, '0', 250, 75, 54, 7, 0, 6183.89, 0.00, 0.00),
(1265, '595 RPM', '255/40 ZR19 96Y', '595-RPM', 9284.12, '0', 250, 75, 54, 7, 0, 7141.63, 0.00, 0.00),
(1266, '595 RPM', '255/30 ZR21 93Y', '595-RPM', 12904.92, '0', 250, 75, 54, 7, 0, 9926.86, 0.00, 0.00),
(1267, 'UHP RSR 595', '195/50 ZR15 82W', '595RS-R', 4676.28, '0', 250, 75, 54, 7, 0, 3597.14, 0.00, 0.00),
(1268, 'UHP RSR 595', '205/50 ZR15 89W XL', '595RS-R', 5160.50, '0', 250, 75, 54, 7, 0, 3969.61, 0.00, 0.00),
(1269, 'UHP RSR 595', '205/50 ZR16 87W', '595RS-R', 5611.89, '0', 250, 75, 54, 7, 0, 4316.84, 0.00, 0.00),
(1270, 'UHP RSR 595', '205/45 ZR16 83W', '595RS-R', 5764.08, '0', 250, 75, 54, 7, 0, 4433.91, 0.00, 0.00),
(1271, 'UHP RSR 595', '215/45 ZR17 87W', '595RS-R', 6352.17, '0', 250, 75, 54, 7, 0, 4886.29, 0.00, 0.00),
(1272, 'UHP RSR 595', '225/45 ZR17 94W XL ', '595RS-R', 6566.02, '0', 250, 75, 54, 7, 0, 5050.79, 0.00, 0.00),
(1273, 'UHP RSR 595', '235/45 ZR17 94W', '595RS-R', 7320.41, '0', 250, 75, 54, 7, 0, 5631.08, 0.00, 0.00),
(1274, 'UHP RSR 595', '215/40 ZR17 83W', '595RS-R', 6523.61, '0', 250, 75, 54, 7, 0, 5018.16, 0.00, 0.00),
(1275, 'UHP RSR 595', '235/40 ZR17 90W', '595RS-R', 7069.27, '0', 250, 75, 54, 7, 0, 5437.90, 0.00, 0.00),
(1276, 'UHP RSR 595', '225/40 ZR18 88W', '595RS-R', 7095.82, '0', 250, 75, 54, 7, 0, 5458.32, 3.00, 0.00),
(1277, 'UHP RSR 595', '235/40 ZR18 91W', '595RS-R', 7940.99, '0', 250, 75, 54, 7, 0, 6108.46, 0.00, 0.00),
(1278, 'UHP RSR 595', '245/35 ZR18 88W', '595RS-R', 8237.00, '0', 250, 75, 54, 7, 0, 6336.15, 0.00, 0.00),
(1279, 'UHP RSR 595', '255/35 ZR18 90W', '595RS-R', 8614.41, '0', 250, 75, 54, 7, 0, 6626.47, 0.00, 0.00),
(1280, 'UHP RSR 595', '265/35 ZR18 93W', '595RS-R', 8871.42, '0', 250, 75, 54, 7, 0, 6824.17, 0.00, 0.00),
(1281, 'UHP RSR 595', '285/30 ZR18 97W XL', '595RS-R', 11676.42, '0', 250, 75, 54, 7, 0, 8981.86, 0.00, 0.00),
(1282, 'UHP RS-RR 595', '205/50 ZR15 89W XL ', '595RS-RR', 5982.95, '0', 250, 75, 54, 7, 0, 4602.27, 0.00, 0.00),
(1283, 'UHP RS-RR 595', '235/40 ZR17 90W ', '595RS-RR', 7857.04, '0', 250, 75, 54, 7, 0, 6043.88, 0.00, 0.00),
(1284, 'UHP RS-RR 595', '235/40 ZR18 91W ', '595RS-RR', 9091.26, '0', 250, 75, 54, 7, 0, 6993.28, 9.00, 0.00),
(1285, 'UHP RS-RR 595', '225/45 ZR17 94W XL', '595RS-RR', 7365.71, '0', 250, 75, 54, 7, 0, 5665.93, 0.00, 0.00),
(1286, 'UHP RS-RR 595', '235/45 ZR17  94W', '595RS-RR', 7553.52, '0', 250, 75, 54, 7, 0, 5810.40, 0.00, 0.00),
(1287, 'UHP RS-RR 595', '225/40 ZR18 92W XL', '595RS-RR', 7649.97, '0', 250, 75, 54, 7, 0, 5884.59, 0.00, 0.00),
(1288, 'UHP RS-RR 595', '245/35 ZR18 92W XL', '595RS-RR', 8846.78, '0', 250, 75, 54, 7, 0, 6805.21, 3.00, 0.00),
(1289, 'UHP RS-RR 595', '215/40 ZR17 87W XL', '595RS-RR', 6754.43, '0', 250, 75, 54, 7, 0, 5195.71, 0.00, 0.00),
(1290, 'UHP RS-RR 595', '215/45 ZR17 87W', '595RS-RR', 6797.24, '0', 250, 75, 54, 7, 0, 5228.65, 0.00, 0.00),
(1291, 'UHP RS-RR 595', '215/40 ZR18 85W', '595RS-RR', 7679.68, '0', 250, 75, 54, 7, 0, 5907.44, 0.00, 0.00),
(1292, 'UHP RS-RR 595', '245/40 ZR18 93W ', '595RS-RR', 9289.64, '0', 250, 75, 54, 7, 0, 7145.88, 0.00, 0.00),
(1293, 'UHP RS-RR 595', '255/35 ZR18 94W XL', '595RS-RR', 9819.50, '0', 250, 75, 54, 7, 0, 7553.46, 0.00, 0.00),
(1294, 'UHP RS-RR 595', '255/35 ZR19 96W XL ', '595RS-RR', 10707.45, '0', 250, 75, 54, 7, 0, 8236.50, 0.00, 0.00),
(1295, 'UHP RS-RR 595', '265/40 ZR18 101W XL', '595RS-RR', 10629.58, '0', 250, 75, 54, 7, 0, 8176.60, 0.00, 0.00),
(1296, 'UHP RS-RR 595', '275/35 ZR18 95W', '595RS-RR', 11329.77, '0', 250, 75, 54, 7, 0, 8715.21, 0.00, 0.00),
(1297, 'UHP RS-RR 595', '265/35 ZR18 97W XL', '595RS-RR', 10402.68, '0', 250, 75, 54, 7, 0, 8002.06, 0.00, 0.00),
(1298, 'UHP RS-RR 595', '235/35 ZR19 91W XL ', '595RS-RR', 10376.11, '0', 250, 75, 54, 7, 0, 7981.62, 0.00, 0.00),
(1299, 'UHP RS-RR 595', '275/35 ZR19 96W ', '595RS-RR', 13139.30, '0', 250, 75, 54, 7, 0, 10107.16, 0.00, 0.00),
(1300, 'UHP RS-RR 595', '245/40 ZR19 98W XL', '595RS-RR', 10757.24, '0', 250, 75, 54, 7, 0, 8274.80, 0.00, 0.00),
(1301, 'COUGARIA S/U 35 SERIES', '305/35 R24 112V XL', 'S/U', 15803.36, '0', 250, 75, 54, 7, 0, 12156.43, 0.00, 0.00),
(1302, 'COUGARIA S/U 40 SERIES', '275/40 ZR20 106W XL', 'S/U', 8723.65, '0', 250, 75, 54, 7, 0, 6710.50, 0.00, 0.00),
(1303, 'COUGARIA S/U 40 SERIES', '305/40 R22 115V XL', 'S/U', 13110.10, '0', 250, 75, 54, 7, 0, 10084.70, 0.00, 0.00),
(1304, 'COUGARIA S/U 45 SERIES', '305/45 R22 118V XL', 'S/U', 12558.18, '0', 250, 75, 54, 7, 0, 9660.14, 0.00, 0.00),
(1305, 'COUGARIA S/U 50 SERIES', '265/50 R20 112V XL', 'S/U', 7992.21, '0', 250, 75, 54, 7, 0, 6147.85, 0.00, 0.00),
(1306, 'COUGARIA S/U 50 SERIES', '285/50 R20 112V', 'S/U', 9701.49, '0', 250, 75, 54, 7, 0, 7462.68, 0.00, 0.00),
(1307, 'COUGARIA S/U 50 SERIES', '305/50 R20 120V XL', 'S/U', 11340.62, '0', 250, 75, 54, 7, 0, 8723.55, 0.00, 0.00),
(1308, 'COUGARIA S/U 55 SERIES', '275/55 R17 109V', 'S/U', 8793.96, '0', 250, 75, 54, 7, 0, 6764.59, 0.00, 0.00),
(1309, 'COUGARIA S/U 55 SERIES', '275/55 R20 117V XL', 'S/U', 10038.16, '0', 250, 75, 54, 7, 0, 7721.66, 0.00, 0.00),
(1310, 'COUGARIA S/U 60 SERIES', '255/60 R15 102H', 'S/U', 5420.60, '0', 250, 75, 54, 7, 0, 4169.69, 0.00, 0.00),
(1311, 'COUGARIA S/U 60 SERIES', '275/60 R17 111V', 'S/U', 8110.84, '0', 250, 75, 54, 7, 0, 6239.11, 0.00, 0.00),
(1312, 'COUGARIA S/U 60 SERIES', '285/60 R18 116V', 'S/U', 8343.04, '0', 250, 75, 54, 7, 0, 6417.72, 0.00, 0.00),
(1313, 'COUGARIA S/U 65 SERIES', '245/65 R17 107H', 'S/U', 7751.96, '0', 250, 75, 54, 7, 0, 5963.05, 0.00, 0.00),
(1314, 'COUGARIA S/U 70 SERIES', '205/70 R15 96H ', 'S/U', 4941.43, '0', 250, 75, 54, 7, 0, 3801.10, 0.00, 0.00),
(1315, 'COUGARIA S/U 70 SERIES', '225/70 R15 100H', 'S/U', 5395.76, '0', 250, 75, 54, 7, 0, 4150.58, 0.00, 0.00),
(1316, 'COUGARIA S/U 70 SERIES', '255/70 R15 112H XL', 'S/U', 7317.16, '0', 250, 75, 54, 7, 0, 5628.58, 0.00, 0.00),
(1317, 'COUGARIA S/U 70 SERIES', '215/70 R16 100H', 'S/U', 5516.78, '0', 250, 75, 54, 7, 0, 4243.68, 0.00, 0.00),
(1318, 'COUGARIA S/U 70 SERIES', '235/70 R16 106H', 'S/U', 6492.95, '0', 250, 75, 54, 7, 0, 4994.58, 0.00, 0.00),
(1319, 'COUGARIA S/U 70 SERIES', '245/70 R16 107H', 'S/U', 6806.43, '0', 250, 75, 54, 7, 0, 5235.71, 0.00, 0.00),
(1320, 'COUGARIA S/U 70 SERIES', '255/70 R16 111H', 'S/U', 7168.85, '0', 250, 75, 54, 7, 0, 5514.50, 0.00, 0.00),
(1321, 'COUGARIA F/X', '235/65 R17 108V XL', 'F/X', 7135.87, '0', 250, 75, 54, 7, 0, 5489.13, 0.00, 0.00),
(1322, 'COUGARIA F/X', '235/60 R18 107V XL', 'F/X', 7561.09, '0', 250, 75, 54, 7, 0, 5816.22, 0.00, 0.00),
(1323, 'COUGARIA F/X', '275/60 R20 119V XL ', 'F/X', 9996.44, '0', 250, 75, 54, 7, 0, 7689.57, 0.00, 0.00),
(1324, 'COUGARIA F/X', '225/65 R18 103H', 'F/X', 8307.57, '0', 250, 75, 54, 7, 0, 6390.44, 0.00, 0.00),
(1325, 'COUGARIA F/X', '255/55 ZR18 109Y XL', 'F/X', 8501.47, '0', 250, 75, 54, 7, 0, 6539.59, 0.00, 0.00),
(1326, 'COUGARIA F/X', '255/45 R18 99V', 'F/X', 8412.46, '0', 250, 75, 54, 7, 0, 6471.12, 0.00, 0.00),
(1327, 'COUGARIA F/X', '235/50 R18 97V', 'F/X', 7224.75, '0', 250, 75, 54, 7, 0, 5557.50, 0.00, 0.00),
(1328, 'COUGARIA F/X', '235/50 R19 99V', 'F/X', 8905.88, '0', 250, 75, 54, 7, 0, 6850.68, 0.00, 0.00),
(1329, 'COUGARIA F/X', '255/55 R19 111V XL', 'F/X', 10053.95, '0', 250, 75, 54, 7, 0, 7733.81, 0.00, 0.00),
(1330, 'COUGARIA F/X', '275/55 R19 111V', 'F/X', 11399.17, '0', 250, 75, 54, 7, 0, 8768.59, 0.00, 0.00),
(1331, 'COUGARIA F/X', '255/50 ZR19 107W XL', 'F/X', 9577.23, '0', 250, 75, 54, 7, 0, 7367.10, 2.00, 0.00),
(1332, 'COUGARIA F/X', '265/50 R19 110V XL', 'F/X', 11124.84, '0', 250, 75, 54, 7, 0, 8557.57, 0.00, 0.00),
(1333, 'COUGARIA F/X', '275/45 ZR19 108Y XL', 'F/X', 11236.09, '0', 250, 75, 54, 7, 0, 8634.15, 0.00, 0.00),
(1334, 'COUGARIA F/X', '285/45 ZR19 111W XL', 'F/X', 11284.72, '0', 250, 75, 54, 7, 0, 8680.55, 0.00, 0.00),
(1335, 'COUGARIA F/X', '235/55 ZR19 105W XL', 'F/X', 10178.21, '0', 250, 75, 54, 7, 0, 7829.39, 0.00, 0.00),
(1336, 'COUGARIA F/X', '265/45 R20 108H XL', 'F/X', 11008.00, '0', 250, 75, 54, 7, 0, 8467.69, 0.00, 0.00),
(1337, 'COUGARIA F/X', '275/55 R20 117V XL', 'F/X', 10322.75, '0', 250, 75, 54, 7, 0, 7940.58, 0.00, 0.00),
(1338, 'COUGARIA F/X', '265/50 R20 112V XL', 'F/X', 9112.44, '0', 250, 75, 54, 7, 0, 7009.57, 0.00, 0.00),
(1339, 'COUGARIA F/X', '285/50 R20 116V XL', 'F/X', 10985.46, '0', 250, 75, 54, 7, 0, 8450.35, 0.00, 0.00),
(1340, 'COUGARIA F/X', '255/45 R20 105V XL', 'F/X', 10137.11, '0', 250, 75, 54, 7, 0, 7797.77, 0.00, 0.00),
(1341, 'COUGARIA F/X', '275/45 R20 110V XL', 'F/X', 10813.48, '0', 250, 75, 54, 7, 0, 8318.06, 0.00, 0.00),
(1342, 'COUGARIA F/X', '295/45 R20 114V XL', 'F/X', 12623.11, '0', 250, 75, 54, 7, 0, 9710.08, 0.00, 0.00),
(1343, 'COUGARIA F/X', '255/40 ZR20 101Y XL', 'F/X', 11319.46, '0', 250, 75, 54, 7, 0, 8707.28, 0.00, 0.00),
(1344, 'COUGARIA F/X', '275/40 ZR20 106W XL', 'F/X', 11636.18, '0', 250, 75, 54, 7, 0, 8950.91, 0.00, 0.00),
(1345, 'COUGARIA F/X', '315/35 ZR20 106W', 'F/X', 13223.71, '0', 250, 75, 54, 7, 0, 10172.09, 0.00, 0.00),
(1346, 'COUGARIA F/X', '295/35 ZR21 107Y XL', 'F/X', 13483.73, '0', 250, 75, 54, 7, 0, 10372.10, 3.00, 0.00),
(1347, 'COUGARIA F/X', '265/35 ZR22 102W XL', 'F/X', 11918.34, '0', 250, 75, 54, 7, 0, 9167.95, 0.00, 0.00),
(1348, 'COUGARIA F/X', '285/45 R22 114V XL', 'F/X', 13044.68, '0', 250, 75, 54, 7, 0, 10034.37, 0.00, 0.00),
(1349, 'COUGARIA F/X', '285/35 ZR22 106W XL', 'F/X', 13038.61, '0', 250, 75, 54, 7, 0, 10029.70, 0.00, 0.00),
(1350, 'COUGARIA F/X', '265/40 R22 106V XL', 'F/X', 13304.53, '0', 250, 75, 54, 7, 0, 10234.25, 0.00, 0.00),
(1351, 'COUGARIA F/X', '275/45 R22 112V XL', 'F/X', 13011.38, '0', 250, 75, 54, 7, 0, 10008.75, 0.00, 0.00),
(1352, 'COUGARIA F/X', '305/45 R22 118V XL', 'F/X', 14990.78, '0', 250, 75, 54, 7, 0, 11531.37, 0.00, 0.00),
(1353, 'COUGARIA F/X', '305/40 R22 114V XL', 'F/X', 14226.92, '0', 250, 75, 54, 7, 0, 10943.78, 0.00, 0.00),
(1354, 'COUGARIA XUV', 'P205/70 R15 96H ', 'XUV', 4447.27, '0', 250, 75, 54, 7, 0, 3420.98, 0.00, 0.00),
(1355, 'COUGARIA XUV', 'P255/70 R15 112H XL', 'XUV', 6884.72, '0', 250, 75, 54, 7, 0, 5295.94, 0.00, 0.00),
(1356, 'COUGARIA XUV', 'P265/70 R15 112H', 'XUV', 7371.72, '0', 250, 75, 54, 7, 0, 5670.55, 0.00, 0.00),
(1357, 'COUGARIA XUV', 'P215/70 R16 100H', 'XUV', 5792.61, '0', 250, 75, 54, 7, 0, 4455.86, 0.00, 0.00),
(1358, 'COUGARIA XUV', 'P225/70 R16 103H', 'XUV', 5771.83, '0', 250, 75, 54, 7, 0, 4439.87, 0.00, 0.00),
(1359, 'COUGARIA XUV', 'P235/70 R16 106H', 'XUV', 6024.39, '0', 250, 75, 54, 7, 0, 4634.15, 0.00, 0.00),
(1360, 'COUGARIA XUV', 'P245/70 R16 107H', 'XUV', 6811.83, '0', 250, 75, 54, 7, 0, 5239.87, 0.00, 0.00),
(1361, 'COUGARIA XUV', 'P255/70 R16 111H', 'XUV', 7619.14, '0', 250, 75, 54, 7, 0, 5860.88, 0.00, 0.00),
(1362, 'COUGARIA XUV', 'P265/70 R16 112H', 'XUV', 7960.08, '0', 250, 75, 54, 7, 0, 6123.14, 0.00, 0.00),
(1363, 'COUGARIA XUV', 'P275/70 R16 114H', 'XUV', 8485.75, '0', 250, 75, 54, 7, 0, 6527.50, 0.00, 0.00),
(1364, 'COUGARIA XUV', 'P215/65 R16 98H', 'XUV', 5967.34, '0', 250, 75, 54, 7, 0, 4590.26, 0.00, 0.00),
(1365, 'COUGARIA XUV', 'P235/60 R16 100H', 'XUV', 6386.31, '0', 250, 75, 54, 7, 0, 4912.55, 2.00, 0.00),
(1366, 'COUGARIA XUV', 'LT225/75 R16 115/112S 10PR', 'XUV', 6935.50, '0', 250, 75, 54, 7, 0, 5335.00, 0.00, 0.00),
(1367, 'COUGARIA XUV', 'LT245/75 R16 120/116S 10PR', 'XUV', 8534.25, '0', 250, 75, 54, 7, 0, 6564.81, 0.00, 0.00),
(1368, 'COUGARIA XUV', 'LT265/75 R16 123/120S 10PR', 'XUV', 8939.95, '0', 250, 75, 54, 7, 0, 6876.88, 0.00, 0.00),
(1369, 'COUGARIA XUV', 'P265/70 R17 115H ', 'XUV', 8239.37, '0', 250, 75, 54, 7, 0, 6337.98, 0.00, 0.00),
(1370, 'COUGARIA XUV', 'P225/65 R17 102H', 'XUV', 6853.20, '0', 250, 75, 54, 7, 0, 5271.69, 0.00, 0.00),
(1371, 'COUGARIA XUV', 'P235/65 R17 108V XL', 'XUV', 7437.05, '0', 250, 75, 54, 7, 0, 5720.81, 2.00, 0.00),
(1372, 'COUGARIA XUV', 'P245/65 R17 111H XL', 'XUV', 7541.68, '0', 250, 75, 54, 7, 0, 5801.29, 0.00, 0.00),
(1373, 'COUGARIA XUV', 'P265/65 R17 112H', 'XUV', 8202.79, '0', 250, 75, 54, 7, 0, 6309.84, 0.00, 0.00),
(1374, 'COUGARIA XUV', 'P225/60 R17 99H', 'XUV', 6483.38, '0', 250, 75, 54, 7, 0, 4987.21, 0.00, 0.00),
(1375, 'COUGARIA XUV', 'P235/60 R17 102V', 'XUV', 6930.10, '0', 250, 75, 54, 7, 0, 5330.85, 0.00, 0.00),
(1376, 'COUGARIA XUV', 'P255/60 R17 110V XL', 'XUV', 8440.63, '0', 250, 75, 54, 7, 0, 6492.80, 0.00, 0.00),
(1377, 'COUGARIA XUV', 'P235/55 R17 99H', 'XUV', 6873.84, '0', 250, 75, 54, 7, 0, 5287.57, 0.00, 0.00),
(1378, 'COUGARIA XUV', 'P235/65 R18 106H', 'XUV', 7440.29, '0', 250, 75, 54, 7, 0, 5723.30, 0.00, 0.00),
(1379, 'COUGARIA XUV', 'P245/60 R18 105H', 'XUV', 7843.58, '0', 250, 75, 54, 7, 0, 6033.52, 0.00, 0.00),
(1380, 'COUGARIA XUV', 'P265/60 R18 110H', 'XUV', 8647.39, '0', 250, 75, 54, 7, 0, 6651.84, 5.00, 0.00),
(1381, 'COUGARIA XUV', 'P285/60 R18 102H XL', 'XUV', 9434.23, '0', 250, 75, 54, 7, 0, 7257.10, 0.00, 0.00),
(1382, 'COUGARIA XUV', 'P225/55 R18 98V', 'XUV', 7572.08, '0', 240, 75, 54, 7, 0, 5824.68, 0.00, 0.00),
(1383, 'COUGARIA XUV', 'P235/55 R18 104V XL', 'XUV', 7444.75, '0', 250, 75, 54, 7, 0, 5726.73, 0.00, 0.00),
(1384, 'COUGARIA XUV', 'P245/50 R20 102H XL', 'XUV', 9496.50, '0', 250, 75, 54, 7, 0, 7305.00, 5.00, 0.00),
(1385, 'COUGARIA XUV', 'P255/50 R20 109H XL', 'XUV', 9646.90, '0', 250, 75, 54, 7, 0, 7420.69, 0.00, 0.00),
(1386, 'COUGARIA RVR 4X4 A/T', 'LT30*9.50 R15 104Q 6PR ', 'A/T', 6659.01, '0', 250, 75, 54, 7, 0, 5122.32, 0.00, 0.00),
(1387, 'COUGARIA RVR 4X4 A/T', 'LT31*10.50 R15 109Q 6PR ', 'A/T', 7905.86, '0', 250, 75, 54, 7, 0, 6081.43, 0.00, 0.00),
(1388, 'COUGARIA RVR 4X4 A/T', 'P285/65 R17 116H', 'A/T', 8476.79, '0', 250, 75, 54, 7, 0, 6520.61, 0.00, 0.00),
(1389, 'COUGARIA RVR 4X4 A/T', 'P275/65 R17 115T', 'A/T', 8278.35, '0', 250, 75, 54, 7, 0, 6367.96, 0.00, 0.00),
(1390, 'COUGARIA RVR 4X4 A/T', 'P265/65 R17 113S ', 'A/T', 7787.46, '0', 250, 75, 54, 7, 0, 5990.36, 0.00, 0.00),
(1391, 'COUGARIA RVR 4X4 A/T', 'P205/70 R15 96T', 'A/T', 4877.52, '0', 250, 75, 54, 7, 0, 3751.94, 0.00, 0.00),
(1392, 'COUGARIA RVR 4X4 A/T', 'P215/70 R16 100T', 'A/T', 6033.76, '0', 250, 75, 54, 7, 0, 4641.36, 0.00, 0.00),
(1393, 'COUGARIA RVR 4X4 A/T', 'P225/70 R16 101S', 'A/T', 6307.66, '0', 250, 75, 54, 7, 0, 4852.05, 0.00, 0.00),
(1394, 'COUGARIA RVR 4X4 A/T', 'P235/70 R16 106S', 'A/T', 6492.95, '0', 250, 75, 54, 7, 0, 4994.58, 0.00, 0.00),
(1395, 'COUGARIA RVR 4X4 A/T', 'P245/70 R16 112S XL', 'A/T', 7348.17, '0', 250, 75, 54, 7, 0, 5652.44, 0.00, 0.00),
(1396, 'COUGARIA RVR 4X4 A/T', 'P255/70 R16 111S', 'A/T', 7683.30, '0', 250, 75, 54, 7, 0, 5910.23, 0.00, 0.00),
(1397, 'COUGARIA RVR 4X4 A/T', 'P265/70 R16 112S ', 'A/T', 7722.79, '0', 250, 75, 54, 7, 0, 5940.61, 0.00, 0.00),
(1398, 'COUGARIA RVR 4X4 A/T', 'P265/70 R17 115S ', 'A/T', 8955.41, '0', 250, 75, 54, 7, 0, 6888.77, 0.00, 0.00),
(1399, 'COUGARIA RVR 4X4 A/T', 'LT265/70 R17 121/118Q 10PR', 'A/T', 9660.12, '0', 250, 75, 54, 7, 0, 7430.86, 0.00, 0.00),
(1400, 'COUGARIA RVR 4X4 A/T', 'LT215/75 R15 100/97Q 6PR', 'A/T', 5671.57, '0', 250, 75, 54, 7, 0, 4362.75, 0.00, 0.00),
(1401, 'COUGARIA RVR 4X4 A/T', 'P235/75 R15 105S 6PR', 'A/T', 6116.60, '0', 250, 75, 54, 7, 0, 4705.07, 0.00, 0.00),
(1402, 'COUGARIA RVR 4X4 A/T', 'LT225/75 R16 115/112Q 10PR ', 'A/T', 7420.05, '0', 250, 75, 54, 7, 0, 5707.73, 0.00, 0.00),
(1403, 'COUGARIA RVR 4X4 A/T', 'LT245/75 R16 120/116Q 10PR ', 'A/T', 8367.31, '0', 250, 75, 54, 7, 0, 6436.39, 0.00, 0.00),
(1404, 'COUGARIA RVR 4X4 A/T', 'LT265/75 R16 123/120Q 10PR ', 'A/T', 9040.89, '0', 250, 75, 54, 7, 0, 6954.53, 0.00, 0.00),
(1405, 'COUGARIA RVR 4X4 A/T', 'LT285/75 R16 122/119Q 8PR', 'A/T', 10947.01, '0', 250, 75, 54, 7, 0, 8420.77, 0.00, 0.00),
(1406, 'COUGARIA RVR 4X4 A/T', '205/80 R16 104S XL', 'A/T', 5893.22, '0', 250, 75, 54, 7, 0, 4533.25, 0.00, 0.00),
(1407, 'COUGARIA RVR 4X4 A/T', 'LT235/85 R16 120/116Q 10PR', 'A/T', 9009.75, '0', 250, 75, 54, 7, 0, 6930.58, 2.00, 0.00),
(1408, 'COUGARIA RVR 4X4 M/T', 'LT30*9.50 R15 104Q 6PR ', 'M/T', 8152.64, '0', 250, 75, 54, 7, 0, 6271.26, 0.00, 0.00),
(1409, 'COUGARIA RVR 4X4 M/T', 'LT31*10.50 R15 109Q 6PR ', 'M/T', 8516.15, '0', 250, 75, 54, 7, 0, 6550.88, 0.00, 0.00),
(1410, 'COUGARIA RVR 4X4 M/T', 'LT33*12.50 R15 108Q 6PR', 'M/T', 10611.60, '0', 250, 75, 54, 7, 0, 8162.77, 0.00, 0.00),
(1411, 'COUGARIA RVR 4X4 M/T', 'LT35*12.50 R15 113Q 6PR', 'M/T', 11755.28, '0', 250, 75, 54, 7, 0, 9042.53, 0.00, 0.00),
(1412, 'COUGARIA RVR 4X4 M/T', 'LT35*12.50 R18 123Q 10PR', 'M/T', 15512.25, '0', 250, 75, 54, 7, 0, 11932.50, 0.00, 0.00),
(1413, 'COUGARIA RVR 4X4 M/T', 'LT35*12.50 R20 121Q 10PR', 'M/T', 17276.03, '0', 250, 75, 54, 7, 0, 13289.26, 3.00, 0.00),
(1414, 'COUGARIA RVR 4X4 M/T', 'LT37*12.50 R17 129Q 10PR', 'M/T', 20073.76, '0', 250, 75, 54, 7, 0, 15441.36, 0.00, 0.00),
(1415, 'COUGARIA RVR 4X4 M/T', 'LT37*12.50 R18 128Q 10PR', 'M/T', 20486.25, '0', 250, 75, 54, 7, 0, 15758.66, 0.00, 0.00),
(1416, 'COUGARIA RVR 4X4 M/T', 'LT37*12.50 R20 126Q 10PR', 'M/T', 21861.15, '0', 250, 75, 54, 7, 0, 16816.27, 0.00, 0.00),
(1417, 'COUGARIA RVR 4X4 M/T', 'LT275/65 R18 119/116Q 8PR', 'M/T', 12305.53, '0', 250, 75, 54, 7, 0, 9465.79, 0.00, 0.00),
(1418, 'COUGARIA RVR 4X4 M/T', 'LT275/65 R18 123/120Q 8PR', 'M/T', 12305.53, '0', 250, 75, 54, 7, 0, 9465.79, 0.00, 0.00),
(1419, 'COUGARIA RVR 4X4 M/T', 'LT265/70 R17 121/118Q 10PR', 'M/T', 11954.35, '0', 250, 75, 54, 7, 0, 9195.66, 0.00, 0.00),
(1420, 'COUGARIA RVR 4X4 M/T', 'LT285/70 R17 121/118Q 8PR', 'M/T', 12388.54, '0', 250, 75, 54, 7, 0, 9529.64, 0.00, 0.00),
(1421, 'COUGARIA RVR 4X4 M/T', 'LT235/75 R15 6PR 104/101Q', 'M/T', 7261.91, '0', 250, 75, 54, 7, 0, 5586.08, 0.00, 0.00),
(1422, 'COUGARIA RVR 4X4 M/T', 'LT225/75 R16 8PR 115/112Q', 'M/T', 8001.50, '0', 250, 75, 54, 7, 0, 6155.00, 0.00, 0.00),
(1423, 'COUGARIA RVR 4X4 M/T', 'LT265/75 R16 8PR 119/116Q', 'M/T', 10099.18, '0', 250, 75, 54, 7, 0, 7768.60, 0.00, 0.00),
(1424, 'COUGARIA RVR 4X4 M/T', 'LT265/75 R16 8PR 123/120Q', 'M/T', 10099.18, '0', 250, 75, 54, 7, 0, 7768.60, 0.00, 0.00),
(1425, 'COUGARIA RVR 4X4 M/T', 'LT245/75 R16 120/116Q 10PR', 'M/T', 8840.75, '0', 250, 75, 54, 7, 0, 6800.58, 0.00, 0.00),
(1426, 'COUGARIA RVR 4X4 M/T', 'LT285/75 R16 122/119Q 8PR', 'M/T', 10588.99, '0', 250, 75, 54, 7, 0, 8145.38, 0.00, 0.00),
(1427, 'COUGARIA RVR 4X4 M/T', 'LT285/75 R16 126/123Q 10PR', 'M/T', 10588.99, '0', 250, 75, 54, 7, 0, 8145.38, 0.00, 0.00),
(1428, 'COUGARIA RVR 4X4 M/T', 'LT315/75 R16 127/124Q 10PR', 'M/T', 12773.05, '0', 250, 75, 54, 7, 0, 9794.54, 0.00, 0.00),
(1429, 'COUGARIA RVR 4X4 M/T', 'LT205/80 R16 110/108Q 8PR', 'M/T', 5305.18, '0', 250, 75, 54, 7, 0, 4080.90, 0.00, 0.00),
(1430, 'COUGARIA RVR 4X4 M/T', 'LT235/85 R16 120/116Q 10PR', 'M/T', 9900.25, '0', 250, 75, 54, 7, 0, 7615.57, 3.00, 0.00),
(1431, 'RDS', '155R12C/6PR', 'RS903', 1685.01, '0', 150, 50, 62, 12, 0, 1432.26, 0.00, 0.00),
(1432, 'RDS', '155R12C/6PR', 'RS901', 1685.01, '0', 149, 50, 62, 12, 0, 1432.26, 0.00, 0.00),
(1433, 'RDS', '175R13C/8PR', 'RS902', 2070.71, '0', 150, 50, 62, 12, 0, 1760.10, 0.00, 0.00),
(1434, 'RDS', '185R14C/8PR', 'RS901', 2315.73, '0', 150, 50, 62, 12, 0, 1968.37, 0.00, 0.00),
(1435, 'RDS', '185R14C/8PR', 'RS936', 2315.73, '0', 150, 50, 62, 12, 0, 1968.37, 0.00, 0.00),
(1436, 'RDS', '195R14C/8PR', 'RS901', 2574.23, '0', 150, 50, 62, 12, 0, 2188.10, 0.00, 0.00),
(1437, 'RDS', '195R14C/8PR ', 'RS936', 2574.23, '0', 150, 50, 62, 12, 0, 2188.10, 0.00, 0.00),
(1438, 'RDS', '195R15C/8PR', 'RS901', 3150.70, '0', 150, 50, 62, 12, 0, 2678.10, 0.00, 0.00),
(1439, 'RDS', '195R15C/8PR', 'RS936', 3150.70, '0', 150, 50, 62, 12, 0, 2678.10, 0.00, 0.00),
(1440, 'RDS', '195/70 R15C 8PR', 'RS902', 3019.99, '0', 150, 50, 62, 12, 0, 2566.99, 3.00, 0.00),
(1441, 'RDS', '205/70 R15C 8PR', 'RS902', 3145.38, '0', 150, 50, 62, 12, 0, 2673.57, 0.00, 0.00),
(1442, 'RDS', '215/70R15C 8PR', 'RS925', 3479.93, '0', 150, 50, 62, 12, 0, 2957.94, 0.00, 0.00),
(1443, 'RDS', '225/70R15C 8PR', 'RS901', 3746.96, '0', 150, 50, 62, 12, 0, 3184.92, 0.00, 0.00),
(1444, 'RDS', '225/70R15C 8PR', 'RS926', 3746.96, '0', 150, 50, 62, 12, 0, 3184.92, 0.00, 0.00),
(1445, 'RDS', '225/70R15C 8PR', 'RS936', 3746.96, '0', 150, 50, 62, 12, 0, 3184.92, 0.00, 0.00),
(1446, 'RDS', '205R16C/8PR', 'RS902', 4273.73, '0', 150, 50, 62, 12, 0, 3632.67, 7.00, 0.00),
(1447, 'RDS', '165/65R13 77T', 'RS906', 1631.28, '0', 150, 50, 62, 12, 0, 1386.59, 0.00, 0.00),
(1448, 'RDS', '165/65R13 77T', 'RS912', 1631.28, '0', 150, 50, 62, 12, 0, 1386.59, 0.00, 0.00),
(1449, 'RDS', '165/65R13 77T', 'RS918', 1631.28, '0', 150, 50, 62, 12, 0, 1386.59, 0.00, 0.00),
(1450, 'RDS', '165/70R13 77T', 'RS906', 1435.19, '0', 150, 50, 62, 12, 0, 1219.92, 0.00, 0.00),
(1451, 'RDS', '165/70R13 79T', 'RS907', 1435.19, '0', 150, 50, 62, 12, 0, 1219.92, 0.00, 0.00),
(1452, 'RDS', '165/70R13 ', 'RS928', 1435.19, '0', 150, 50, 62, 12, 0, 1219.92, 0.00, 0.00),
(1453, 'RDS', '175/70R13 82T', 'RS906', 1539.75, '0', 150, 50, 62, 12, 0, 1308.79, 0.00, 0.00),
(1454, 'RDS', '175/70R13 82T', 'RS912', 1539.75, '0', 150, 50, 62, 12, 0, 1308.79, 0.00, 0.00),
(1455, 'RDS', '175/70R13 82T', 'RS928', 1539.75, '0', 150, 50, 62, 12, 0, 1308.79, 0.00, 0.00),
(1456, 'RDS', '175/70R13 83S', 'RS907', 1539.75, '0', 150, 50, 62, 12, 0, 1308.79, 0.00, 0.00),
(1457, 'RDS', '185/70R13 86H', 'RS906', 1798.23, '0', 150, 50, 62, 12, 0, 1528.50, 5.00, 0.00),
(1458, 'RDS', '185/70R13 86H', 'RS918', 1798.23, '0', 150, 50, 62, 12, 0, 1528.50, 5.00, 0.00),
(1459, 'RDS', '185/70R13 86H', 'RS928', 1798.23, '0', 150, 50, 62, 12, 0, 1528.50, 5.00, 0.00),
(1460, 'RDS', '165/80R13 83T', 'RS906', 1751.24, '0', 150, 50, 62, 12, 0, 1488.55, 0.00, 0.00),
(1461, 'RDS', '165/80R13 83S', 'RS907', 1751.24, '0', 150, 50, 62, 12, 0, 1488.55, 0.00, 0.00),
(1462, 'RDS', '165/80R13 79T', 'RS907', 1751.24, '0', 150, 50, 62, 12, 0, 1488.55, 0.00, 0.00),
(1463, 'RDS', '165/80R13 83S', 'RS928', 1751.24, '0', 150, 50, 62, 12, 0, 1488.55, 0.00, 0.00),
(1464, 'RDS', '165/80R13 83S', 'RS918', 1751.24, '0', 150, 50, 62, 12, 0, 1488.55, 0.00, 0.00),
(1465, 'RDS', '185/55R14 80H', 'RS912', 1772.07, '0', 150, 50, 62, 12, 0, 1506.26, 0.00, 0.00),
(1466, 'RDS', '165/60R14 75H', 'RS906', 1652.27, '0', 150, 50, 62, 12, 0, 1404.43, 0.00, 0.00),
(1467, 'RDS', '185/60R14 82H', 'RS906', 1722.69, '0', 150, 50, 62, 12, 0, 1464.29, 0.00, 0.00),
(1468, 'RDS', '185/60R14 82H', 'RS928', 1722.69, '0', 150, 50, 62, 12, 0, 1464.29, 0.00, 0.00),
(1469, 'RDS', '195/60R14 86H', 'RS928', 1957.80, '0', 150, 50, 62, 12, 0, 1664.13, 0.00, 0.00),
(1470, 'RDS', '195/60R14 86H', 'RS928', 1957.80, '0', 150, 50, 62, 12, 0, 1664.13, 0.00, 0.00),
(1471, 'RDS', '165/65R14 79T/H', 'RS907', 1611.37, '0', 150, 50, 62, 12, 0, 1369.66, 0.00, 0.00),
(1472, 'RDS', '165/65R14 79T/H', 'RS912', 1611.37, '0', 150, 50, 62, 12, 0, 1369.66, 0.00, 0.00),
(1473, 'RDS', '165/65R14 79T/H', 'RS928', 1611.37, '0', 150, 50, 62, 12, 0, 1369.66, 0.00, 0.00),
(1474, 'RDS', '175/65R14 82H', 'RS906', 1683.23, '0', 150, 50, 62, 12, 0, 1430.74, 0.00, 0.00),
(1475, 'RDS', '175/65R14 82H/T', 'RS907', 1683.23, '0', 150, 50, 62, 12, 0, 1430.74, 0.00, 0.00),
(1476, 'RDS', '175/65R14 82H', 'RS928', 1683.23, '0', 150, 50, 62, 12, 0, 1430.74, 0.00, 0.00),
(1477, 'RDS', '185/65R14 86H', 'RS906', 1838.05, '0', 150, 50, 62, 12, 0, 1562.34, 0.00, 0.00),
(1478, 'RDS', '185/65R14 86T/86H', 'RS907', 1838.05, '0', 150, 50, 62, 12, 0, 1562.34, 0.00, 0.00),
(1479, 'RDS', '185/65R14 86T/86H', 'RS928', 1838.05, '0', 150, 50, 62, 12, 0, 1562.34, 0.00, 0.00),
(1480, 'RDS', '185/65R14 90H', 'RS928', 1838.05, '0', 150, 50, 62, 12, 0, 1562.34, 0.00, 0.00),
(1481, 'RDS', '175/70 R14 84T', 'RS928', 1640.22, '0', 150, 50, 62, 12, 0, 1394.18, 0.00, 0.00),
(1482, 'RDS', '185/70R14 88H', 'RS906', 1835.48, '0', 150, 50, 62, 12, 0, 1560.16, 0.00, 0.00),
(1483, 'RDS', '185/70R14 88H', 'RS907', 1835.48, '0', 150, 50, 62, 12, 0, 1560.16, 0.00, 0.00),
(1484, 'RDS', '185/70R14 88T/88H', 'RS928', 1835.48, '0', 150, 50, 62, 12, 0, 1560.16, 0.00, 0.00),
(1485, 'RDS', '195/70R14 91T', 'RS906', 2151.41, '0', 150, 50, 62, 12, 0, 1828.70, 0.00, 0.00),
(1486, 'RDS', '195/70R14 91T/91H ', 'RS928', 2151.41, '0', 150, 50, 62, 12, 0, 1828.70, 0.00, 0.00),
(1487, 'RDS', '195/70R14 95H ', 'RS928', 2151.41, '0', 150, 50, 62, 12, 0, 1828.70, 0.00, 0.00),
(1488, 'RDS', '195/70R14 95H ', 'RS906', 2151.41, '0', 150, 50, 62, 12, 0, 1828.70, 0.00, 0.00),
(1489, 'RDS', '195/50R15 82V', 'RS909', 2047.79, '0', 150, 50, 62, 12, 0, 1740.62, 0.00, 0.00),
(1490, 'RDS', '195/50R15 82H', 'RS928', 2047.79, '0', 150, 50, 62, 12, 0, 1740.62, 0.00, 0.00),
(1491, 'RDS', '185/55 R15 82V', 'RS909', 2214.03, '0', 150, 50, 62, 12, 0, 1881.93, 5.00, 0.00),
(1492, 'RDS', '195/55 R15 82V', 'RS910', 2214.03, '0', 150, 50, 62, 12, 0, 1881.93, 5.00, 0.00),
(1493, 'RDS', '185/55 R15 82V', 'RS928', 2214.03, '0', 150, 50, 62, 12, 0, 1881.93, 5.00, 0.00),
(1494, 'RDS', '195/55R15 85V', 'RS928', 2194.68, '0', 150, 50, 62, 12, 0, 1865.48, 0.00, 0.00),
(1495, 'RDS', '195/55R15 85V', 'RS929', 2194.68, '0', 150, 50, 62, 12, 0, 1865.48, 0.00, 0.00),
(1496, 'RDS', '195/55R15 85V', 'RS907', 2194.68, '0', 150, 50, 62, 12, 0, 1865.48, 0.00, 0.00),
(1497, 'RDS', '185/60R15 88H', 'RS907', 1977.52, '0', 150, 50, 62, 12, 0, 1680.89, 0.00, 0.00),
(1498, 'RDS', '185/60R15 88H/84H', 'RS912', 1977.52, '0', 150, 50, 62, 12, 0, 1680.89, 0.00, 0.00),
(1499, 'RDS', '185/60R15 88H', 'RS928', 1977.52, '0', 150, 50, 62, 12, 0, 1680.89, 0.00, 0.00),
(1500, 'RDS', '195/60R15 88H', 'RS906', 2033.96, '0', 150, 50, 62, 12, 0, 1728.87, 0.00, 0.00),
(1501, 'RDS', '195/60R15 88H', 'RS907', 2033.96, '0', 150, 50, 62, 12, 0, 1728.87, 0.00, 0.00),
(1502, 'RDS', '195/60R15 88H', 'RS928', 2033.96, '0', 150, 50, 62, 12, 0, 1728.87, 0.00, 0.00),
(1503, 'RDS', '205/60 R15 91H', 'RS906', 2304.65, '0', 150, 50, 62, 12, 0, 1958.95, 0.00, 0.00),
(1504, 'RDS', '205/60 R15 91H', 'RS928', 2304.65, '0', 150, 50, 62, 12, 0, 1958.95, 0.00, 0.00),
(1505, 'RDS', '185/65R15 88H', 'RS906', 2214.04, '0', 150, 50, 62, 12, 0, 1881.93, 3.00, 0.00),
(1506, 'RDS', '185/65R15 88H', 'RS907', 2214.04, '0', 150, 50, 62, 12, 0, 1881.93, 0.00, 0.00),
(1507, 'RDS', '185/65R15 88H', 'RS912', 2214.04, '0', 150, 50, 62, 12, 0, 1881.93, 0.00, 0.00),
(1508, 'RDS', '185/65 R15 88H/88V', 'RS928', 2214.04, '0', 150, 50, 62, 12, 0, 1881.93, 0.00, 0.00),
(1509, 'RDS', '195/65R15 91H', 'RS906', 2176.32, '0', 150, 50, 62, 12, 0, 1849.87, 0.00, 0.00),
(1510, 'RDS', '195/65R15 91V/91H', 'RS928', 2176.32, '0', 150, 50, 62, 12, 0, 1849.87, 0.00, 0.00),
(1511, 'RDS', '195/65R15 91H', 'RS907', 2176.32, '0', 150, 50, 62, 12, 0, 1849.87, 0.00, 0.00),
(1512, 'RDS', '205/65R15 94H', 'RS906', 2649.09, '0', 150, 50, 62, 12, 0, 2251.73, 0.00, 0.00),
(1513, 'RDS', '205/65R15 94H', 'RS928', 2649.09, '0', 150, 50, 62, 12, 0, 2251.73, 0.00, 0.00),
(1514, 'RDS', '205/65R15 94V', 'RS928', 2649.09, '0', 150, 50, 62, 12, 0, 2251.73, 0.00, 0.00),
(1515, 'RDS', '215/70 R15 98T', 'RS928', 2688.64, '0', 150, 50, 62, 12, 0, 2285.34, 0.00, 0.00),
(1516, 'RDS', 'LT215/75R15 8PR', 'RS915', 3030.98, '0', 150, 50, 62, 12, 0, 2576.33, 0.00, 0.00),
(1717, 'MIXED MILER', '650R16/10PR', 'LTR RS905', 4031.46, '0', 150, 50, 63, 12, 0, 3767.72, 0.00, 0.00),
(1718, 'MIXED MILER', '700R15/10PR', 'LTR RS905', 4134.60, '0', 150, 50, 63, 12, 0, 3864.12, 0.00, 0.00),
(1719, 'RIB', '700R16/14PR', 'LTR RS607', 6325.07, '0', 150, 50, 63, 12, 0, 5911.28, 0.00, 0.00),
(1720, 'RIB', '750R16/14PR', 'LTR RS601', 6319.13, '0', 150, 50, 63, 12, 0, 5905.73, 0.00, 0.00),
(1721, 'RIB', '750R16/16PR', 'LTR RS611', 6319.13, '0', 150, 50, 63, 12, 0, 5905.73, 0.00, 0.00),
(1722, 'RIB', '750R16/16PR', 'LTR RS611', 6319.13, '0', 150, 50, 63, 12, 0, 5905.73, 0.00, 0.00),
(1723, 'MIXED MILER', '750R16/14PR', 'LTR RS602', 6319.13, '0', 150, 50, 63, 12, 0, 5905.73, 0.00, 0.00),
(1724, 'MIXED MILER', '750R16/16PR', 'LTR RS602', 6319.13, '0', 150, 50, 63, 12, 0, 5905.73, 0.00, 0.00),
(1725, 'RIB', '750R16/14PR', 'LTR RS618A', 6319.13, '0', 150, 50, 63, 12, 0, 5905.73, 0.00, 0.00),
(1726, 'MIXED', '750R16 14PR', 'LTR RS610', 6319.13, '0', 150, 50, 63, 12, 0, 5905.73, 0.00, 0.00),
(1727, 'RIB', '825R16/16PR', 'LTR RS601', 7374.80, '0', 150, 50, 63, 12, 0, 6892.33, 3.00, 0.00),
(1728, 'MIXED MILER', '825R16/16PR', 'LTR RS602', 7374.80, '0', 150, 50, 63, 12, 0, 6892.33, 3.00, 0.00),
(1729, 'RIB', '825R16/16PR', 'LTR RS611', 7374.80, '0', 150, 50, 63, 12, 0, 6892.33, 3.00, 0.00),
(1730, 'MIXED', '825R16/16PR', 'LTR RS610', 7374.80, '0', 150, 50, 63, 12, 0, 6892.33, 3.00, 0.00),
(1731, 'RIB', '825R16/16PR', 'LTR RS618A', 7374.80, '0', 150, 50, 63, 12, 0, 6892.33, 3.00, 0.00),
(1732, 'MIXED MILER', '825R20/16PR', 'TBR RS602', 10434.34, '0', 150, 50, 63, 12, 0, 9751.72, 0.00, 0.00),
(1733, 'RIB', '825R20/16PR', 'TBR RS603', 10434.34, '0', 150, 50, 63, 12, 0, 9751.72, 0.00, 0.00),
(1734, 'RIB', '825R20/16PR', 'TBR RS618A', 10434.34, '0', 150, 50, 63, 12, 0, 9751.72, 0.00, 0.00),
(1735, 'MIXED MILER', '900R20/16PR', 'TBR RS602', 10787.14, '0', 150, 50, 63, 12, 0, 10081.44, 0.00, 0.00),
(1736, 'MIXED MILER', '900R20/16PR', 'TBR RS602A', 10787.14, '0', 150, 50, 63, 12, 0, 10081.44, 0.00, 0.00),
(1737, 'RIB', '900R20/16PR', 'TBR RS618A', 10787.14, '0', 150, 50, 63, 12, 0, 10081.44, 0.00, 0.00),
(1738, 'RIB', '1000R20/18PR', 'TBR RS601', 12295.99, '0', 150, 50, 63, 12, 0, 11491.58, 0.00, 0.00),
(1739, 'MIXED MILER', '1000R20/18PR', 'TBR RS602', 12295.99, '0', 150, 50, 63, 12, 0, 11491.58, 0.00, 0.00),
(1740, 'RIB', '1000R20/18PR', 'TBR RS603', 12295.99, '0', 150, 50, 63, 12, 0, 11491.58, 0.00, 0.00),
(1741, 'MIXED LUG', '1000R20/18PR', 'TBR RS604', 12295.99, '0', 150, 50, 63, 12, 0, 11491.58, 0.00, 0.00),
(1742, 'RIB', '1000R20/18PR', ' TBR RS607/RS607A', 12295.99, '0', 150, 50, 63, 12, 0, 11491.58, 0.00, 0.00),
(1743, 'MIXED', '1000R20/18PR', 'TBR RS610', 12295.99, '0', 150, 50, 63, 12, 0, 11491.58, 0.00, 0.00),
(1744, 'CROSS-LUG', '1000R20/18PR', 'TBR RS612', 12295.99, '0', 150, 50, 63, 12, 0, 11491.58, 0.00, 0.00),
(1745, 'MINING LUG', '1000R20/18PR', 'TBR RS617', 12559.54, '0', 150, 50, 63, 12, 0, 11737.89, 0.00, 0.00),
(1746, 'MINING LUG', '1000R20/18PR', 'TBR RS619', 12559.54, '0', 150, 50, 63, 12, 0, 11737.89, 0.00, 0.00),
(1747, 'MINING LUG', '1000R20/18PR', 'TBR RS621', 12559.54, '0', 150, 50, 63, 12, 0, 11737.89, 0.00, 0.00),
(1748, 'MIXED MILER', '1100R20/18PR', 'RS602A', 15065.57, '0', 150, 50, 63, 12, 0, 14079.97, 0.00, 0.00),
(1749, 'MIXED', '1100R20/18PR', 'RS605', 15065.57, '0', 150, 50, 63, 12, 0, 14079.97, 0.00, 0.00),
(1750, 'MIXED', '1100R20/18PR', 'RS610', 15065.57, '0', 150, 50, 63, 12, 0, 14079.97, 0.00, 0.00),
(1751, 'MIXED', '1100R20/18PR', 'RS610', 15065.57, '0', 150, 50, 63, 12, 0, 14079.97, 0.00, 0.00),
(1752, 'LUG', '1100R20/18PR', 'RS619', 15240.75, '0', 150, 50, 63, 12, 0, 14243.69, 0.00, 0.00),
(1753, 'MINING LUG', '1100R20/18PR', 'RS621', 15240.75, '0', 150, 50, 63, 12, 0, 14243.69, 0.00, 0.00),
(1754, 'MIXED MILER', '1200R20/18PR', 'RS602', 15406.11, '0', 150, 50, 63, 12, 0, 14398.23, 0.00, 0.00),
(1755, 'MIXED MILER', '1200R20/18PR', 'RS602A', 15977.41, '0', 150, 50, 63, 12, 0, 14932.16, 0.00, 0.00),
(1756, 'MIXED LUG', '1200R20/18PR', 'RS604', 15977.41, '0', 150, 50, 63, 12, 0, 14932.16, 0.00, 0.00),
(1757, 'MIXED LUG', '1200R20/18PR', 'RS622', 15977.41, '0', 150, 50, 63, 12, 0, 14932.16, 0.00, 0.00),
(1758, 'MIXED LUG', '1200R20/18PR', 'RS628', 15977.41, '0', 150, 50, 63, 12, 0, 14932.16, 0.00, 0.00),
(1759, 'MIXED ', '1200R20/18PR', 'RS610', 16310.11, '0', 150, 50, 63, 12, 0, 15243.09, 0.00, 0.00),
(1760, 'MINING LUG', '1200R20/18PR', 'RS617', 18116.33, '0', 150, 50, 63, 12, 0, 16931.15, 0.00, 0.00),
(1761, 'MINING LUG', '1200R20/18PR', 'RS617A', 18116.33, '0', 150, 50, 63, 12, 0, 16931.15, 0.00, 0.00),
(1762, 'MINING LUG', '1200R20/18PR', 'RS621', 18116.33, '0', 150, 50, 63, 12, 0, 16931.15, 0.00, 0.00),
(1763, 'RIB', '900R22.5/14PR', 'RS615', 9997.49, '0', 150, 50, 63, 12, 0, 9343.45, 0.00, 0.00),
(1764, 'RIB', '10R22.5/16PR', 'RS613', 12024.47, '0', 150, 50, 63, 12, 0, 11237.82, 0.00, 0.00),
(1765, 'RIB', '11R22.5/16PR', 'RS618A', 10519.96, '0', 150, 50, 63, 12, 0, 9831.74, 0.00, 0.00),
(1766, 'RIB', '11R22.5/16PR', 'RS620', 10519.96, '0', 150, 50, 63, 12, 0, 9831.74, 0.00, 0.00),
(1767, 'RIB', '11R22.5/16PR', 'RS607', 10519.96, '0', 150, 50, 63, 12, 0, 9831.74, 0.00, 0.00),
(1768, 'CROSS-LUG', '11R22.5/16PR', 'RS626', 10519.96, '0', 150, 50, 63, 12, 0, 9831.74, 0.00, 0.00),
(1769, 'RIB', '11R22.5/16PR', 'RS603', 10519.96, '0', 150, 50, 63, 12, 0, 9831.74, 0.00, 0.00),
(1770, 'MIXED MILER', '11R22.5/16PR', 'RS602', 10957.82, '0', 150, 50, 63, 12, 0, 10240.96, 0.00, 0.00),
(1771, 'MIXED LUG', '11R22.5/16PR', 'RS604', 10957.82, '0', 150, 50, 63, 12, 0, 10240.96, 0.00, 0.00),
(1772, 'CROSS-LUG', '11R22.5/16PR', 'RS612', 10957.82, '0', 150, 50, 63, 12, 0, 10240.96, 0.00, 0.00),
(1773, 'MIXED MILER', '11R22.5/16PR', 'RS623', 10957.82, '0', 150, 50, 63, 12, 0, 10240.96, 0.00, 0.00),
(1774, 'MIXED MILER', '11R22.5/16PR', 'RS623', 10957.82, '0', 150, 50, 63, 12, 0, 10240.96, 0.00, 0.00),
(1775, 'SHD', '11R22.5/16PR', 'RS622', 10957.82, '0', 150, 50, 63, 12, 0, 10240.96, 0.00, 0.00),
(1776, 'MINING LUG', '11R22.5/16PR', 'RS617', 11174.73, '0', 150, 50, 63, 12, 0, 10443.68, 0.00, 0.00),
(1777, 'RIB', '11R24.5/16PR', 'RS607', 12459.10, '0', 150, 50, 63, 12, 0, 11644.02, 0.00, 0.00),
(1778, 'RIB', '12R22.5/18PR', 'RS607', 12618.00, '0', 150, 50, 63, 12, 0, 11792.53, 0.00, 0.00),
(1779, 'RIB', '12R22.5/18PR', 'RS620', 12618.00, '0', 150, 50, 63, 12, 0, 11792.53, 0.00, 0.00),
(1780, 'RIB', '12R22.5 18PR', 'RS629', 12618.00, '0', 150, 50, 63, 12, 0, 11792.53, 0.00, 0.00),
(1781, 'MIXED', '12R22.5 18PR', 'RS602', 12772.04, '0', 150, 50, 63, 12, 0, 11936.49, 0.00, 0.00),
(1782, 'MIXED LUG', '12R22.5/18PR', 'RS604', 12772.04, '0', 150, 50, 63, 12, 0, 11936.49, 0.00, 0.00),
(1783, 'MIXED ', '12R22.5/18PR', 'RS606', 12772.04, '0', 150, 50, 63, 12, 0, 11936.49, 0.00, 0.00),
(1784, 'MIXED', '12R22.5/18PR', 'RS610', 12772.04, '0', 150, 50, 63, 12, 0, 11936.49, 0.00, 0.00),
(1785, 'RIB', '12R22.5/18PR', 'RS618', 12772.04, '0', 150, 50, 63, 12, 0, 11936.49, 0.00, 0.00),
(1786, 'CROSS LUG', '12R22.5/18PR', 'RS626', 12772.04, '0', 150, 50, 63, 12, 0, 11936.49, 0.00, 0.00),
(1787, 'MINING LUG', '12R22.5/18PR', 'RS617', 12926.08, '0', 150, 50, 63, 12, 0, 12080.45, 0.00, 0.00),
(1788, 'MIXED LUG', '13R22.5 18PR', 'RS602', 16189.26, '0', 150, 50, 63, 12, 0, 15130.15, 0.00, 0.00),
(1789, 'MIXED', '950R17.5/16PR', 'RS604', 7741.82, '0', 150, 50, 63, 12, 0, 7235.34, 0.00, 0.00),
(1790, 'RIB', '950R17.5/16PR', 'RS615', 7741.82, '0', 150, 50, 63, 12, 0, 7235.34, 0.00, 0.00),
(1791, 'RIB', '215/75R17.5 16PR', 'RS615', 7099.62, '0', 150, 50, 63, 12, 0, 6635.16, 0.00, 0.00),
(1792, 'MIXED', '235/75R17.5 16PR', 'RS604', 7611.18, '0', 150, 50, 63, 12, 0, 7113.25, 0.00, 0.00),
(1793, 'RIB', '235/75R17.5 16PR', 'RS615', 7611.18, '0', 150, 50, 63, 12, 0, 7113.25, 0.00, 0.00),
(1794, 'RIB', '225/70 R19.5 14PR', 'RS615', 6444.78, '0', 150, 50, 63, 12, 0, 6023.16, 0.00, 0.00),
(1795, 'MIXED', '225/80R17.5 16PR', 'RS604', 7422.92, '0', 150, 50, 63, 12, 0, 6937.31, 0.00, 0.00),
(1796, 'RIB', '225/80R17.5 16PR', 'RS615', 7422.92, '0', 150, 50, 63, 12, 0, 6937.31, 0.00, 0.00),
(1797, 'RIB', '245/70R19.5 16PR', 'RS615', 8200.86, '0', 150, 50, 63, 12, 0, 7664.36, 0.00, 0.00),
(1798, 'RIB', '265/70R19.5 16PR', 'RS615', 9274.12, '0', 150, 50, 63, 12, 0, 8667.41, 0.00, 0.00),
(1799, 'RIB', '265/70R19.5 16PR', 'RS604', 9274.12, '0', 150, 50, 63, 12, 0, 8667.41, 0.00, 0.00),
(1800, 'RIB', '255/70R22.5 16PR', 'RS614', 10179.90, '0', 150, 50, 63, 12, 0, 9513.93, 0.00, 0.00),
(1801, 'RIB', '255/70R22.5 16PR', 'RS618A', 10179.90, '0', 150, 50, 63, 12, 0, 9513.93, 0.00, 0.00),
(1802, 'RIB', '275/70R22.5 16PR', 'RS607', 12587.59, '0', 150, 50, 63, 12, 0, 11764.10, 0.00, 0.00),
(1803, 'MIXED', '295/80R22.5 16PR', 'RS604', 12387.33, '0', 150, 50, 63, 12, 0, 11576.94, 0.00, 0.00),
(1804, 'RIB', '295/80R22.5 16PR', 'RS620', 12387.33, '0', 150, 50, 63, 12, 0, 11576.94, 0.00, 0.00),
(1805, 'MIXED MILER', '295/80R22.5 16PR', 'RS623', 12387.33, '0', 150, 50, 63, 12, 0, 11576.94, 0.00, 0.00),
(1806, 'MIXED', '295/80R22.5 16PR', 'RS606', 12387.33, '0', 150, 50, 63, 12, 0, 11576.94, 0.00, 0.00),
(1807, 'CROSS-LUG', '295/80R22.5 18PR', 'RS612', 12387.33, '0', 150, 50, 63, 12, 0, 11576.94, 0.00, 0.00),
(1808, 'RIB', '295/80R22.5 18PR', 'RS620', 12387.33, '0', 150, 50, 63, 12, 0, 11576.94, 0.00, 0.00),
(1809, 'MIXED', '315/80R22.5 R18PR', 'RS604', 12770.44, '0', 150, 50, 63, 12, 0, 11934.99, 0.00, 0.00),
(1810, 'MIXED', '315/80R22.5 R20PR', 'RS602', 12770.44, '0', 150, 50, 63, 12, 0, 11934.99, 0.00, 0.00),
(1811, 'LUG', '315/80R22.5 20PR', 'RS604', 12770.44, '0', 150, 50, 63, 12, 0, 11934.99, 0.00, 0.00),
(1812, 'CROSS-LUG', '315/80R22.5 20PR', 'RS626', 12770.44, '0', 150, 50, 63, 12, 0, 11934.99, 0.00, 0.00),
(1813, 'RIB', '315/80R22.5 20PR', 'RS627', 12770.44, '0', 150, 50, 63, 12, 0, 11934.99, 0.00, 0.00),
(1814, 'SUPER RIB', '385/65R22.5 20PR', 'RS609', 14453.48, '0', 150, 50, 63, 12, 0, 13507.92, 0.00, 0.00),
(1815, 'RIB', '385/65R22.5 20PR', 'RS631', 14453.48, '0', 150, 50, 63, 12, 0, 13507.92, 0.00, 0.00),
(1816, 'RIB', '385/65R22.5 20PR', 'RS636', 14453.48, '0', 150, 50, 63, 12, 0, 13507.92, 0.00, 0.00),
(1817, '', '2.75-17 6PR', 'ITM-333', 737.94, '0', 250, 75, 64, 7, 0, 590.35, 35.00, 0.00),
(1818, '', '3.00-16 4PR', 'ITM-333', 856.50, '0', 250, 75, 64, 7, 0, 685.20, 35.00, 0.00),
(1819, '', '3.00-17 6PR', 'ITM-333', 937.50, '0', 250, 75, 64, 7, 0, 750.00, 30.00, 0.00),
(1820, '', '3.00-18 6PR', 'ITM-333', 974.69, '0', 250, 75, 64, 7, 0, 779.75, 35.00, 0.00),
(2017, '47N', '110/70-12', 'TS-502F', 1425.94, '0', 250, 75, 65, 7, 0, 1140.75, 0.00, 0.00),
(2018, '56N', '130/70-12', 'TS-502R', 1951.50, '0', 250, 75, 65, 7, 0, 1561.20, 0.00, 0.00),
(2019, '56P', '110/90-13', 'TS-660 (HG)', 2071.60, '0', 250, 75, 65, 7, 0, 1657.28, 0.00, 0.00),
(2020, '57P', '130/70-13', 'TS-660 (HG)', 2371.38, '0', 250, 75, 65, 7, 0, 1897.10, 0.00, 0.00),
(2021, '62S', '140/70-14', 'TS-689 (HG)', 2391.38, '0', 250, 75, 65, 7, 0, 1913.10, 0.00, 0.00),
(2022, '53S', '110/80-14', 'TS-689F (HG)', 2101.56, '0', 250, 75, 65, 7, 0, 1681.25, 0.00, 0.00),
(2023, '58S', '120/80-14', 'TS-689F (HG)', 2221.38, '0', 250, 75, 65, 7, 0, 1777.10, 0.00, 0.00),
(2024, '34N', '70/90-14', 'TS-602', 923.25, '0', 250, 75, 65, 7, 0, 738.60, 10.00, 0.00),
(2025, '40N', '80/90-14', 'TS-602', 1066.94, '0', 250, 75, 65, 7, 0, 853.55, 10.00, 0.00),
(2026, '34P', '70/80-14', 'TS-692', 923.25, '0', 250, 75, 65, 7, 0, 738.60, 10.00, 0.00),
(2027, '40P', '80/80-14', 'TS-692', 950.28, '0', 250, 75, 65, 7, 0, 760.22, 10.00, 0.00),
(2028, '45P', '90/80-14', 'TS-692', 1203.67, '0', 250, 75, 65, 7, 0, 962.94, 10.00, 0.00),
(2029, '34N', '70/90-14', 'TS-692', 923.25, '0', 250, 75, 65, 7, 0, 738.60, 10.00, 0.00),
(2030, '40N', '80/90-14', 'TS-692', 1066.94, '0', 250, 75, 65, 7, 0, 853.55, 10.00, 0.00),
(2031, '46P', '90/90-14', 'TS-692', 1458.56, '0', 250, 75, 65, 7, 0, 1166.85, 10.00, 0.00),
(2032, '51P', '100/90-14', 'TS-692', 1842.93, '0', 250, 75, 65, 7, 0, 1474.34, 10.00, 0.00),
(2033, '35P', '70/80-17', 'TS-692', 840.03, '0', 250, 75, 65, 7, 0, 672.03, 10.00, 0.00),
(2034, '41P', '80/80-17', 'TS-692', 971.66, '0', 250, 75, 65, 7, 0, 777.33, 10.00, 0.00),
(2035, '46N', '90/80-17', 'TS-692', 1351.46, '0', 250, 75, 65, 7, 0, 1081.17, 10.00, 0.00),
(2036, '21N', '50/90-17', 'TS-692A', 650.22, '0', 250, 75, 65, 7, 0, 520.17, 10.00, 0.00),
(2037, '33P', '60/80-17', 'TS-692A', 669.04, '0', 250, 75, 65, 7, 0, 535.24, 10.00, 0.00),
(2038, '49P', '90/90-17', 'TS-659A', 1744.77, '0', 250, 75, 65, 7, 0, 1395.81, 10.00, 0.00),
(2039, '54H', '110/70-17', 'TS-659A', 2032.95, '0', 250, 75, 65, 7, 0, 1626.36, 10.00, 0.00),
(2040, '58H', '120/70-17', 'TS-659A', 2507.30, '0', 250, 75, 65, 7, 0, 2005.84, 10.00, 0.00),
(2041, '58H', '120/70-17', 'TS-659A (HG)', 2626.50, '0', 250, 75, 65, 7, 0, 2101.20, 0.00, 0.00),
(2042, '62H', '130/70-17', 'TS-659A', 3004.22, '0', 250, 75, 65, 7, 0, 2403.38, 10.00, 0.00),
(2043, '52P', '100/80-17', 'TS-659A', 1598.92, '0', 250, 75, 65, 7, 0, 1279.13, 10.00, 0.00),
(2044, '63H', '140/60-17', 'TS-659A', 2484.32, '0', 250, 75, 65, 7, 0, 1987.45, 10.00, 0.00),
(2045, '54H', '110/70-17', 'TS-613F', 1946.77, '0', 250, 75, 65, 7, 0, 1557.41, 10.00, 0.00),
(2046, '62H', '130/70-17', 'TS-613R', 2570.95, '0', 250, 75, 65, 7, 0, 2056.76, 10.00, 0.00),
(2047, '66H', '140/70-17', 'TS-613R', 3224.25, '0', 250, 75, 65, 7, 0, 2579.40, 10.00, 0.00),
(2048, '19S', '45/80-17', 'TS-695', 645.50, '0', 250, 75, 65, 7, 0, 516.40, 0.00, 0.00),
(2049, '27S', '60/80-17', 'TS-696', 990.75, '0', 250, 75, 65, 7, 0, 792.60, 0.00, 0.00),
(2050, '21S', '50/90-17', 'TS-696', 855.63, '0', 250, 75, 65, 7, 0, 684.50, 0.00, 0.00),
(2051, '4PR', '2.50-17', 'TS-800', 837.50, '0', 250, 75, 65, 7, 0, 670.00, 10.00, 0.00),
(2052, '4PR', '2.75-17', 'TS-800', 1057.96, '0', 250, 75, 65, 7, 0, 846.36, 10.00, 0.00),
(2053, '4R', '4.10-18', 'TS-801', 2150.51, '0', 250, 75, 65, 7, 0, 1720.41, 10.00, 0.00),
(2054, '4R', '2.75-21', 'TS-826', 1765.61, '0', 250, 75, 65, 7, 0, 1412.49, 10.00, 0.00),
(2056, '7.50 - 20', '10.00-20 - 8 black 14mm', '3,601.40', 0.00, '0', 190, 50, 66, 12, 0, 3365.79, 0.00, 0.00),
(2057, '(Bolt dia32.5 ISO/P.C.D285.75/D.O.B/222/offset169)', '8.25 - 22.5', '1100R22.5 - 8 silver 14mm', 3488.51, '0', 200, 50, 66, 12, 0, 3260.29, 0.00, 0.00),
(2058, '(Bolt dia26 ISO/P.C.D335/D.O.B 222/offset169)', '8.25 - 22.5 (SMALL)', '1100R22.5 - 10 silver 14mm', 3488.51, '0', 200, 50, 66, 12, 0, 3260.29, 0.00, 0.00),
(2059, '(Bolt dia26 ISO/P.C.D335/D.O.B 222/offset169)', '8.25 - 22.5 (BIG)', '1100R22.5 - 10 silver 14mm', 3488.51, '0', 185, 50, 66, 12, 0, 3260.29, 0.00, 0.00),
(2060, '(Bolt dia26/P.C.D335/C.B.D281/offset175)', '9.00 - 22.5 (SMALL)', '1200R22.5 - 10 silver 14mm', 3794.78, '0', 200, 50, 66, 12, 0, 3546.53, 0.00, 0.00),
(2388, 'Bolt dia29/P.C.D203.2/C.B.D146/offset115', '5.50 - 15 - 5 black 8mm', '7.00-15 ELF, Jeepney & others', 1409.03, '0', 200, 50, 67, 7, 0, 1316.86, 3.00, 0.00),
(2389, 'Bolt dia17.5/P.C.D170/C.B.D133/offset25', '5.50 - 15 - 6 black 6mm', '7.00-15 ELF, Jeepney & others', 1409.03, '0', 200, 50, 67, 7, 0, 1316.86, 3.00, 0.00),
(2390, 'Bolt dia29/P.C.D203.2/C.B.D146/offset115', '5.50 - 16 - 5 black 10mm', '7.00-16 ELF & others', 1770.01, '0', 200, 50, 67, 7, 0, 1654.21, 5.00, 0.00),
(2391, 'Bolt dia32/P.C.D208/C.B.D150/offset115', '5.50 - 16 - 5 black 10mm', '7.00-16 Jeepney & others', 1770.01, '0', 200, 50, 67, 7, 0, 1654.21, 5.00, 0.00),
(2392, 'Bolt dia29/P.C.D203.2/C.B.D146/offset135', '6.00 - 16 - 5 black 12mm', '7.50-16 Canters & others', 2197.94, '0', 200, 50, 67, 7, 0, 2054.15, 3.00, 0.00),
(2393, 'Bolt dia32/P.C.D222.25/C.B.D164/offset127', '6.00 - 16 - 6 black 12mm', '7.50-16 Mitsubishi & others', 2197.94, '0', 200, 50, 67, 7, 0, 2054.15, 3.00, 0.00),
(2394, 'Bolt dia32/P.C.D222.25/C.B.D164/offset135', '6.50 - 16 - 6 black 10mm', '8.25-16 Mitsubishi & others', 2187.62, '0', 200, 50, 67, 7, 0, 2044.50, 5.00, 0.00),
(2395, 'Bolt dia32/P.C.D222.25/C.B.D164/offset145', '6.50 - 20 - 6 black 12mm', '8.25-20 Mitsubishi & others', 3196.23, '0', 200, 50, 67, 7, 0, 2987.13, 5.00, 0.00),
(2396, 'Bolt dia31.5/P.C.D222.25/C.B.D164/offset135', '6.75-17.5 - 6 silver 10mm', '9.5R17.5, 235/75R17.5 Mitsubishi & others', 2497.71, '0', 200, 50, 67, 7, 0, 2334.31, 0.00, 0.00),
(2397, 'Bolt dia32/P.C.D285/C.B.D222/offset162', '7.00 - 20 -8 black 14mm', '9.00-20 Mitsubishi & others', 3052.90, '0', 200, 50, 67, 7, 0, 2853.18, 0.00, 0.00),
(2398, 'Bolt dia32/P.C.D285/C.B.D222/offset165', '7.50 - 20 - 8 black 14mm', '10.00-20 Mitsubishi & others', 3790.95, '0', 200, 50, 67, 7, 0, 3542.94, 5.00, 0.00),
(2399, 'Bolt dia32/P.C.D285/C.B.D222/offset174', '8.00 - 20 - 8 black 14mm', '11.00-20 Hino, Fuso & others', 3622.26, '0', 200, 50, 67, 7, 0, 3385.29, 0.00, 0.00),
(2400, 'Bolt dia26/P.C.D335/C.B.D281/offset178', '8.50 - 20 - 10 black 14mm', '12.00-20 Sino Truck & others', 4213.57, '0', 200, 50, 67, 7, 0, 3937.92, 0.00, 0.00),
(2401, 'Bolt dia31.5SR22/P.C.D285.75/C.B.D222/offset169', '8.25 - 22.5 - 8 silver 14mm', '11R22.5 Fuso, Hino, Mitsubishi & others', 3672.11, '0', 200, 50, 67, 7, 0, 3431.88, 3.00, 0.00),
(2402, 'Bolt dia26/P.C.D335/C.B.D281/offset169', '8.25 - 22.5 - 10 silver 14mm', '11R22.5 Man, Scania & others', 3672.11, '0', 200, 50, 67, 7, 0, 3431.88, 3.00, 0.00),
(2403, 'Bolt dia26/P.C.D335/C.B.D281/offset175', '900 - 22.5 -10 silver 14mm', '12R22.5 All trucks', 3952.90, '0', 200, 50, 67, 7, 0, 3694.30, 3.00, 0.00),
(2404, 'Bolt dia26/P.C.D285/C.B.D222/offset175', '900 - 22.5 -8 silver 14mm', '12R22.5 Volvo Trucks & others', 3952.90, '0', 200, 50, 67, 7, 0, 3694.30, 3.00, 0.00),
(2405, '-', 'ADVANCE - 40B19L', '-', 1318.18, '0', 250, 50, 68, 12, 0, 1186.36, 0.00, 0.00),
(2406, '1SNF', ' ADVANCE - 55B24L', '-', 1608.84, '0', 345, 50, 68, 12, 0, 1447.96, 0.00, 0.00),
(2407, '-', 'V50L - 40B19L', '10 plates', 3056.86, '0', 250, 50, 68, 12, 0, 2751.17, 0.03, 0.00),
(2408, '1SNF', 'V60L - 46B24L', '12 plates', 3213.93, '0', 250, 50, 68, 12, 0, 2892.53, 0.04, 0.00),
(2409, '1SNF', 'V60R - 46B24R', '12 plates', 3213.93, '0', 250, 50, 68, 12, 0, 2892.53, 0.04, 0.00),
(2410, '2SMF', 'V70L - 55D26L', '12 plates', 4320.57, '0', 250, 50, 68, 12, 0, 3888.51, 0.03, 0.00),
(2411, '2SMF', 'V70R - 55D26R', '12 plates', 4320.57, '0', 250, 50, 68, 12, 0, 3888.51, 0.03, 0.00),
(2412, '2SMF', 'V70AL - 48D26L', '10 plates', 3714.45, '0', 250, 50, 68, 12, 0, 3343.00, 0.03, 0.00),
(2413, '2SMF', 'V70ZL - 75D26L', '13 plates', 4469.51, '0', 250, 50, 68, 12, 0, 4022.55, 0.02, 0.00),
(2414, '2SMF', 'V80L - 80D26L', '14 plates', 4653.03, '0', 250, 50, 68, 12, 0, 4187.73, 0.03, 0.00),
(2415, '3SMF', 'V100L - 75D31L', '15 plates', 5082.47, '0', 250, 50, 68, 12, 0, 4574.22, 0.03, 0.00),
(2416, '3SMF', 'V100R - 75D31R', '15 plates', 5082.47, '0', 250, 50, 68, 12, 0, 4574.22, 0.03, 0.00),
(2417, '3SMF', 'V120L - 95D31L', '16 plates', 5885.43, '0', 250, 50, 68, 12, 0, 5296.89, 0.03, 0.00),
(2418, '3SMF', 'V150L - 105D31L', '18 plates', 6231.10, '0', 250, 50, 68, 12, 0, 5607.99, 0.00, 0.00),
(2419, '1SNF', '12N24-3 (4) - 26A19L', '11 plates / 3 bal sol ', 2360.78, '0', 250, 50, 68, 12, 0, 2124.70, 0.00, 0.00),
(2420, '1SNF', 'NS40L - 34B20L', '9 plates /4 bal sol ', 2135.74, '0', 250, 50, 68, 12, 0, 1922.16, 0.04, 0.00),
(2421, '1SNF', 'NS40R - 34B20R', '9 plates / 4 bal sol ', 2135.74, '0', 250, 50, 68, 12, 0, 1922.16, 0.04, 0.00),
(2422, '1SNF', 'NS40Z - 36B20R', '11 plates / 4 bal sol ', 1996.34, '0', 250, 50, 68, 12, 0, 1796.71, 0.00, 0.00),
(2423, '1SNF', 'N40L - 40B24L', '11 plates /5 bal sol ', 2583.55, '0', 250, 50, 68, 12, 0, 2325.20, 0.04, 0.00),
(2424, '1SNF', 'NS60L - 46B24L', '13 plates / 5 bal sol ', 2396.09, '0', 250, 50, 68, 12, 0, 2156.48, 0.00, 0.00),
(2425, '2SMF', 'N50L - 50D26L', '9 plates / 6 bal sol ', 3282.14, '0', 250, 50, 68, 12, 0, 2953.93, 0.03, 0.00),
(2426, '2SMF', 'N50Z - 60D26R', '11 plates / 6 bal sol ', 2820.42, '0', 250, 50, 68, 12, 0, 2538.37, 0.00, 0.00),
(2427, '2SMF', 'NS70L - 65D26L', '13 plates / 6 bal sol ', 3241.95, '0', 250, 50, 68, 12, 0, 2917.75, 0.00, 0.00),
(2428, '3SMF', 'N70L - 70D31L', '13 plates / 6 bal sol ', 4172.25, '0', 250, 50, 68, 12, 0, 3755.02, 0.02, 0.00),
(2429, '3SMF', 'N70Z - 75D31R', '15 plates / 6 bal sol ', 3889.65, '0', 250, 50, 68, 12, 0, 3500.69, 0.00, 0.00),
(2430, '6SMF', 'N100A - 95E41R', '15 plates / 8 bal sol ', 5451.53, '0', 250, 50, 68, 12, 0, 4906.38, 0.03, 0.00),
(2431, '6SMF', 'N100L - 100E41L', '17 plates / 8 bal sol ', 6067.99, '0', 250, 50, 68, 12, 0, 5461.19, 0.01, 0.00),
(2432, '2D', 'N120A - 110F51', '19 plates / 12 bal sol ', 7170.05, '0', 250, 50, 68, 12, 0, 6453.04, 0.03, 0.00),
(2433, '4D', 'N150A - 140G51', '23 plates / 14 bal sol ', 9130.13, '0', 250, 50, 68, 12, 0, 8217.12, 0.02, 0.00),
(2434, '8D', 'N200A - 190H52', '31 plates /17 bal sol ', 11325.40, '0', 250, 50, 68, 12, 0, 10192.86, 0.00, 0.00),
(2435, 'LN3', 'DIN 66 - 56638', '14 plates ', 3903.45, '0', 250, 50, 68, 12, 0, 3513.10, 0.00, 0.00),
(2436, 'LN3', 'DIN 72 - 57219', '15 plates ', 4165.13, '0', 250, 50, 68, 12, 0, 3748.61, 0.00, 0.00),
(2437, 'LN5', 'DIN 88 -58827', '18 plates ', 5126.90, '0', 250, 50, 68, 12, 0, 4614.21, 0.00, 0.00),
(2438, 'BLAZE', 'YTX 3L - BS', 'SMF', 479.21, '0', 300, 75, 69, 7, 0, 429.01, 0.00, 0.00),
(2439, 'BLAZE', 'YTX 3L - BS SS', 'SMF', 479.21, '0', 300, 75, 69, 7, 0, 429.01, 0.00, 0.00),
(2440, 'BLAZE', 'YTX 4L - BS', 'SMF', 600.04, '0', 290, 75, 69, 7, 0, 510.03, 0.00, 0.00),
(2441, 'BLAZE', 'YTX 4L - BS SS', 'SMF', 600.04, '0', 300, 75, 69, 7, 0, 510.03, 0.00, 0.00),
(2442, 'BLAZE', 'YTX 5L - BS', 'SMF', 612.53, '0', 300, 75, 69, 7, 0, 520.65, 0.00, 0.00),
(2443, 'BLAZE', 'YTX 5L - BS SS', 'SMF', 655.40, '0', 300, 75, 69, 7, 0, 557.09, 0.00, 0.00),
(2444, 'BLAZE', 'YT 5AL - BS SS', 'SMF', 800.79, '0', 300, 75, 69, 7, 0, 640.63, 0.00, 0.00),
(2445, 'BLAZE', 'YTX 7A - BS', 'SMF', 872.72, '0', 290, 75, 69, 7, 0, 741.81, 0.00, 0.00),
(2446, 'BLAZE', 'YTX 7A - BS SS', 'SMF', 1055.39, '0', 300, 75, 69, 7, 0, 844.31, 0.00, 0.00),
(2447, 'BLAZE', '12N5L - BS', 'SMF', 673.47, '0', 300, 75, 69, 7, 0, 572.45, 0.00, 0.00),
(2448, 'BLAZE', '12N7 - 3B', 'Dry Charged - Low Maintenance', 954.08, '0', 300, 75, 69, 7, 0, 810.97, 0.00, 0.00),
(2449, 'BLAZE', '12N9 - 4B - 1', 'Dry Charged - Low Maintenance', 1085.06, '0', 300, 75, 69, 7, 0, 922.30, 0.00, 0.00),
(2450, 'BLAZE', '12N12 - 3B', 'Dry Charged - Low Maintenance', 1423.91, '0', 300, 75, 69, 7, 0, 1210.33, 0.00, 0.00),
(2470, '-', 'V50L - 40B19L', '10 plates', 2389.86, '0', 200, 50, 70, 12, 0, 2150.87, 0.00, 0.00),
(2471, '1SNF', 'V60L - 46B24L', '12 plates', 2683.59, '0', 200, 50, 70, 12, 0, 2415.23, 0.00, 0.00),
(2472, '2SMF', 'V80L - 80D26L', '14 plates', 4064.41, '0', 200, 50, 70, 12, 0, 3657.97, 0.00, 0.00),
(2473, '3SMF', 'V100L - 75D31L', '15 plates', 4575.91, '0', 200, 50, 70, 12, 0, 4118.32, 0.00, 0.00),
(2474, '3SMF', 'V100R - 75D31R', '15 plates', 4575.91, '0', 182, 50, 70, 12, 0, 4118.32, 0.00, 0.00),
(2475, '1SNF', 'NS40L - 34B20L', '9 plates / 4 bat sol', 1748.55, '0', 200, 50, 70, 12, 0, 1573.70, 0.00, 0.00),
(2476, '1SNF', 'N40L - 40B24L', '11 plates / 5 bat sol', 2070.66, '0', 200, 50, 70, 12, 0, 1863.59, 0.00, 0.00),
(2477, '2SMF', 'N50L - 50D26L', '9 plates / 6 bat sol', 2895.41, '0', 200, 50, 70, 12, 0, 2605.87, 0.00, 0.00);
INSERT INTO `product` (`product_id`, `productcode`, `productname`, `pattern`, `unitprice`, `set_price`, `stock`, `reorderlimit`, `category_id`, `supplier_id`, `status`, `unitcost`, `percentage`, `markup`) VALUES
(2478, '3SMF', 'N70L - 70D31L', '13 plates / 6 bat sol', 3876.10, '0', 200, 50, 70, 12, 0, 3488.49, 0.00, 0.00),
(2479, '2D', 'N120A - 110F51', '19 plates / 12 bat sol', 5928.25, '0', 200, 50, 70, 12, 0, 5335.42, 0.00, 0.00),
(2480, '4D', 'N150A - 140G51', '23 plates / 14 bat sol', 7474.31, '0', 200, 50, 70, 12, 0, 6726.88, 0.00, 0.00),
(2481, '2SM', 'N50 - 48D26L', '9 plates / 6 bat sol', 2836.66, '0', 200, 50, 70, 12, 0, 2552.99, 3.00, 0.00),
(2482, '3SM', 'N70 - 65D31L', '13 plates / 7 bat sol', 3654.50, '0', 200, 50, 70, 12, 0, 3289.05, 3.00, 0.00),
(2483, 'Small Packs - CTN', 'ATLANTIC X D/E/OIL SAE 15W40 CI-4/SL', '12 x 1LTR', 1950.92, '0', 50, 20, 71, 12, 0, 1950.92, 0.00, 0.00),
(2484, 'Small Packs - CTN', 'ATLANTIC X D/E/OIL SAE 15W40 CI-4/SL', '4 X 4LTR', 2414.09, '0', 50, 20, 71, 12, 0, 2414.09, 0.00, 0.00),
(2485, 'Small Packs - CTN', 'ATLANTIC X D/E/OIL SAE 15W40 CF-4/SG', '12 x 1LTR', 1845.75, '0', 50, 20, 71, 12, 0, 1845.75, 0.00, 0.00),
(2486, 'Small Packs - CTN', 'ATLANTIC X D/E/OIL SAE 15W40 CF-4/SG', '4 X 4LTR', 2342.05, '0', 50, 20, 71, 12, 0, 2342.05, 0.00, 0.00),
(2487, 'Small Packs - CTN', 'ATLANTIC X D/E/OIL SAE 40 API CD-/SF', '12 x 1LTR', 1400.00, '0', 50, 20, 71, 12, 0, 1400.00, 0.00, 0.00),
(2488, 'Small Packs - CTN', 'ATLANTIC X D/E/OIL SAE 40 API CD-/SF', '4 X 4LTR', 1860.00, '0', 50, 20, 71, 12, 0, 1860.00, 0.00, 0.00),
(2489, 'Small Packs - CTN', 'ATLANTIC X D/E/OIL SAE 40 API CC-/SC', '12 x 1LTR', 1400.00, '0', 50, 20, 71, 12, 0, 1400.00, 0.00, 0.00),
(2490, 'Small Packs - CTN', 'ATLANTIC X D/E/OIL SAE 40 API CC-/SC', '4 X 4LTR', 1860.00, '0', 50, 20, 71, 12, 0, 1860.00, 0.00, 0.00),
(2491, 'Small Packs - CTN', 'ATLANTIC TOP GEAR OIL SAE 90 API GL-4', '12 x 1LTR', 1734.68, '0', 50, 20, 71, 12, 0, 1734.68, 0.00, 0.00),
(2492, 'Small Packs - CTN', 'ATLANTIC TOP GEAR OIL SAE 90 API GL-4', '4 X 4LTR', 2125.19, '0', 50, 20, 71, 12, 0, 2125.19, 0.00, 0.00),
(2493, 'Small Packs - CTN', 'ATLANTIC TOP GEAR OIL SAE 90 API GL-5', '12 x 1LTR', 1818.46, '0', 50, 20, 71, 12, 0, 1818.46, 0.00, 0.00),
(2494, 'Small Packs - CTN', 'ATLANTIC TOP GEAR OIL SAE 140 API GL-4', '12 x 1LTR', 1782.46, '0', 50, 20, 71, 12, 0, 1782.46, 0.00, 0.00),
(2495, 'Small Packs - CTN', 'ATLANTIC TOP GEAR OIL SAE 140 API GL-4', '4 X 4LTR', 2215.40, '0', 50, 20, 71, 12, 0, 2215.40, 0.00, 0.00),
(2496, 'Small Packs - CTN', 'ATLANTIC X GASOLINE E/OIL 20W50 API SN', '12 x 1LTR', 2126.76, '0', 50, 20, 71, 12, 0, 2126.76, 0.00, 0.00),
(2497, 'Small Packs - CTN', 'ATLANTIC X GASOLINE E/OIL 20W50 API SN', '4 X 4LTR', 2772.75, '0', 50, 20, 71, 12, 0, 2772.75, 0.00, 0.00),
(2498, 'Small Packs - CTN', 'ATLANTIC SYNTHECH M/O 4T SAE 10W40 API SM JASO MA2', '12 x 1LTR', 2391.37, '0', 50, 20, 71, 12, 0, 2391.37, 0.00, 0.00),
(2499, 'Small Packs - CTN', 'ATLANTIC SYNTHECH M/O 4T SAE 10W40 API SM JASO MA2', '12 X 800ML', 2055.36, '0', 50, 20, 71, 12, 0, 2055.36, 0.00, 0.00),
(2500, 'Small Packs - CTN', 'ATLANTIC X M/O 4T SAE 20W50 API SL JASO MA', '12 X1LTR', 1837.40, '0', 50, 20, 71, 12, 0, 1837.40, 0.00, 0.00),
(2501, 'Small Packs - CTN', 'ATLANTIC X M/O 4T SAE 20W50 API SL JASO MA', '12 X 800ML', 1584.53, '0', 50, 20, 71, 12, 0, 1584.53, 0.00, 0.00),
(2502, 'Big Packs - PAIL', 'ATLANTIC X D/E/OIL SAE 15W40 CI-4/SL', '1 X 18LTR', 2542.32, '0', 50, 20, 71, 12, 0, 2542.32, 0.00, 0.00),
(2503, 'Big Packs - DRUM', 'ATLANTIC X D/E/OIL SAE 15W40 CI-4/SL', '1 X 200LTR', 27260.10, '0', 50, 20, 71, 12, 0, 27260.10, 0.00, 0.00),
(2504, 'Big Packs - PAIL', 'ATLANTIC X D/E/OIL SAE 15W40 CF-4/SG', '1 X 18LTR', 2463.00, '0', 50, 20, 71, 12, 0, 2463.00, 0.00, 0.00),
(2505, 'Big Packs - DRUM', 'ATLANTIC X D/E/OIL SAE 15W40 CF-4/SG', '1 X 200LTR', 26268.00, '0', 50, 20, 71, 12, 0, 26268.00, 0.00, 0.00),
(2506, 'Big Packs - PAIL', 'ATLANTIC X D/E/OIL SAE 40 API CD-/SF', '1 X 18LTR', 2060.00, '0', 50, 20, 71, 12, 0, 2060.00, 0.00, 0.00),
(2507, 'Big Packs - DRUM', 'ATLANTIC X D/E/OIL SAE 40 API CD-/SF', '1 X 200LTR', 22296.00, '0', 50, 20, 71, 12, 0, 22296.00, 0.00, 0.00),
(2508, 'Big Packs - PAIL', 'ATLANTIC X D/E/OIL SAE 40 API CC-/SC', '1 X 18LTR', 2060.00, '0', 50, 20, 71, 12, 0, 2060.00, 0.00, 0.00),
(2509, 'Big Packs - DRUM', 'ATLANTIC X D/E/OIL SAE 40 API CC-/SC', '1 X 200LTR', 22296.00, '0', 50, 20, 71, 12, 0, 22296.00, 0.00, 0.00),
(2510, 'Big Packs - PAIL', 'ATLANTIC HYDRAULIC OIL AWT 68', '1 X 18LTR', 1843.15, '0', 50, 20, 71, 12, 0, 1843.15, 3.00, 0.00),
(2511, 'Big Packs - DRUM', 'ATLANTIC HYDRAULIC OIL AWT 68', '1 X 200LTR', 19483.38, '0', 45, 20, 71, 12, 0, 19483.38, 3.00, 0.00),
(2512, 'Big Packs - PAIL', 'ATLANTIC TOP GEAR OIL SAE 90 API GL-4', '1 X 18LTR', 2286.29, '0', 50, 20, 71, 12, 0, 2286.29, 0.00, 0.00),
(2513, 'Big Packs - DRUM', 'ATLANTIC TOP GEAR OIL SAE 90 API GL-4', '1 X 200LTR', 23361.24, '0', 50, 20, 71, 12, 0, 23361.24, 0.00, 0.00),
(2514, 'Big Packs - PAIL', 'ATLANTIC TOP GEAR OIL SAE 140 API GL-4', '1 X 18LTR', 2379.41, '0', 50, 20, 71, 12, 0, 2379.41, 0.00, 0.00),
(2515, 'Big Packs - DRUM', 'ATLANTIC TOP GEAR OIL SAE 140 API GL-4', '1 X 200LTR', 25147.00, '0', 50, 20, 71, 12, 0, 25147.00, 0.00, 0.00),
(2516, 'Big Packs - PAIL', 'ATLANTIC X GASOLINE E/OIL 20W50 API SN', '1 X 18LTR', 2829.75, '0', 50, 20, 71, 12, 0, 2829.75, 0.00, 0.00),
(2517, 'Big Packs - DRUM', 'ATLANTIC X GASOLINE E/OIL 20W50 API SN', '1 X 200LTR', 30129.75, '0', 50, 20, 71, 12, 0, 30129.75, 0.00, 0.00),
(2518, 'Big Packs - PAIL', 'ATLANTIC SYNTECH D/E/OIL SAE 15W40 API CJ-4/SM', '1 X 18LTR', 3192.00, '0', 51, 20, 71, 12, 0, 3192.00, 0.00, 0.00),
(2519, 'GREASE(Cartridge)', 'LITHIUM COMPLEX EP2', '10 x 400GM', 1440.18, '0', 50, 20, 71, 12, 0, 1440.18, 0.00, 0.00),
(2520, 'GREASE(Cartridge)', 'LITHIUM COMPLEX EP3', '10 x 400GM', 1456.82, '0', 50, 20, 71, 12, 0, 1456.82, 0.00, 0.00),
(2521, 'GREASE(Buckets/Plastic)', 'LITHIUM COMPLEX EP2', '1 X 16KG', 4556.42, '0', 50, 20, 71, 12, 0, 4556.42, 0.00, 0.00),
(2522, 'GREASE(Buckets/Plastic)', 'LITHIUM COMPLEX EP3', '1 X 16KG', 4547.30, '0', 50, 20, 71, 12, 0, 4547.30, 0.00, 0.00);

-- --------------------------------------------------------

--
-- Table structure for table `sales`
--

CREATE TABLE IF NOT EXISTS `sales` (
`sales_id` int(11) NOT NULL,
  `cust_id` int(11) NOT NULL,
  `invoicenumber` varchar(11) NOT NULL,
  `totalsales` double(10,2) NOT NULL DEFAULT '0.00',
  `discount` decimal(8,0) DEFAULT NULL,
  `fixedAmtDiscount` double(10,2) NOT NULL DEFAULT '0.00',
  `sales_type` int(11) NOT NULL COMMENT '1:CASH; 2:CREDIT',
  `status` int(11) NOT NULL COMMENT '0:UNPAID; 1:PAID; 2:BALANCE',
  `salesdate` datetime DEFAULT '0000-00-00 00:00:00',
  `terms` int(11) NOT NULL
) ENGINE=InnoDB  DEFAULT CHARSET=latin1 AUTO_INCREMENT=9 ;

--
-- Dumping data for table `sales`
--

INSERT INTO `sales` (`sales_id`, `cust_id`, `invoicenumber`, `totalsales`, `discount`, `fixedAmtDiscount`, `sales_type`, `status`, `salesdate`, `terms`) VALUES
(1, 20, '0001', 15588.50, NULL, 0.00, 2, 0, '2018-01-05 00:00:00', 1),
(2, 15, '0002', 1558.85, NULL, 0.00, 1, 1, '2018-01-08 00:00:00', 0),
(3, 22, '0003', 43373.01, NULL, 0.00, 2, 0, '2018-01-10 00:00:00', 5),
(4, 23, '0004', 139509.80, NULL, 0.00, 2, 0, '2018-01-12 00:00:00', 4),
(5, 21, '0005', 1558.85, NULL, 0.00, 2, 0, '2018-01-13 00:00:00', 1),
(6, 23, '0006', 52327.65, NULL, 0.00, 2, 0, '2018-01-19 00:00:00', 3),
(7, 18, '0007', 82366.38, NULL, 0.00, 2, 0, '2018-01-18 00:00:00', 3),
(8, 15, '0008', 105461.10, NULL, 0.00, 2, 0, '2018-02-22 00:00:00', 3);

-- --------------------------------------------------------

--
-- Table structure for table `salesdetails`
--

CREATE TABLE IF NOT EXISTS `salesdetails` (
`salesdetails_id` int(11) NOT NULL,
  `sales_id` int(11) NOT NULL,
  `product_id` int(11) NOT NULL,
  `qty` int(11) NOT NULL,
  `ordersalesprice` double(10,2) NOT NULL DEFAULT '0.00',
  `sales_price` double(10,2) NOT NULL
) ENGINE=InnoDB  DEFAULT CHARSET=latin1 AUTO_INCREMENT=10 ;

--
-- Dumping data for table `salesdetails`
--

INSERT INTO `salesdetails` (`salesdetails_id`, `sales_id`, `product_id`, `qty`, `ordersalesprice`, `sales_price`) VALUES
(1, 1, 404, 10, 1558.85, 15588.50),
(2, 2, 404, 1, 1558.85, 1558.85),
(3, 3, 402, 19, 2282.79, 43373.01),
(4, 4, 715, 10, 13950.98, 139509.80),
(5, 5, 404, 1, 1558.85, 1558.85),
(6, 6, 2059, 15, 3488.51, 52327.65),
(7, 7, 2474, 18, 4575.91, 82366.38),
(8, 8, 2406, 5, 1608.84, 8044.20),
(9, 8, 2511, 5, 19483.38, 97416.90);

-- --------------------------------------------------------

--
-- Table structure for table `supplier`
--

CREATE TABLE IF NOT EXISTS `supplier` (
`supplier_id` int(11) NOT NULL,
  `companyname` varchar(200) NOT NULL,
  `lastname` varchar(100) NOT NULL,
  `firstname` varchar(100) NOT NULL,
  `contactno` varchar(20) NOT NULL,
  `address` varchar(200) NOT NULL,
  `city` varchar(20) NOT NULL,
  `tin` int(11) NOT NULL
) ENGINE=InnoDB  DEFAULT CHARSET=latin1 AUTO_INCREMENT=14 ;

--
-- Dumping data for table `supplier`
--

INSERT INTO `supplier` (`supplier_id`, `companyname`, `lastname`, `firstname`, `contactno`, `address`, `city`, `tin`) VALUES
(7, ' VINATEX TIRE & INDUSTRIAL CORP', 'Villarico', 'Jan', '0917889113', 'Basak, Mandaue', 'Cebu City', 15467809),
(12, 'GMJ REYES AUTO REPAIR SHOP', 'Reyes', 'Jane', '09194749591', 'M.J. Cuenca Avenue', 'Cebu City', 0),
(13, 'PPC ASIA CORPORATION', 'Co', 'Ronnie', '09179114616 / 092379', 'FDS Warehouse, Km 170, Carmen East', 'Rosales, Pangasinan', 123);

--
-- Indexes for dumped tables
--

--
-- Indexes for table `category`
--
ALTER TABLE `category`
 ADD PRIMARY KEY (`category_id`);

--
-- Indexes for table `customer`
--
ALTER TABLE `customer`
 ADD PRIMARY KEY (`cust_id`);

--
-- Indexes for table `delivery`
--
ALTER TABLE `delivery`
 ADD PRIMARY KEY (`delivery_id`), ADD KEY `supplier_id` (`supplier_id`);

--
-- Indexes for table `deliverydetails`
--
ALTER TABLE `deliverydetails`
 ADD PRIMARY KEY (`deliverydetails_id`), ADD KEY `delivery_id` (`delivery_id`), ADD KEY `product_id` (`product_id`);

--
-- Indexes for table `deliveryset`
--
ALTER TABLE `deliveryset`
 ADD PRIMARY KEY (`deliveryset_id`);

--
-- Indexes for table `employee`
--
ALTER TABLE `employee`
 ADD PRIMARY KEY (`employee_id`);

--
-- Indexes for table `expenses`
--
ALTER TABLE `expenses`
 ADD PRIMARY KEY (`id`);

--
-- Indexes for table `orders`
--
ALTER TABLE `orders`
 ADD PRIMARY KEY (`order_id`);

--
-- Indexes for table `payment`
--
ALTER TABLE `payment`
 ADD PRIMARY KEY (`payment_id`), ADD KEY `sales_id` (`sales_id`);

--
-- Indexes for table `product`
--
ALTER TABLE `product`
 ADD PRIMARY KEY (`product_id`), ADD KEY `category_id` (`category_id`), ADD KEY `supplier_id` (`supplier_id`);

--
-- Indexes for table `sales`
--
ALTER TABLE `sales`
 ADD PRIMARY KEY (`sales_id`), ADD KEY `cust_id` (`cust_id`);

--
-- Indexes for table `salesdetails`
--
ALTER TABLE `salesdetails`
 ADD PRIMARY KEY (`salesdetails_id`), ADD KEY `sales_id` (`sales_id`), ADD KEY `product_id` (`product_id`);

--
-- Indexes for table `supplier`
--
ALTER TABLE `supplier`
 ADD PRIMARY KEY (`supplier_id`);

--
-- AUTO_INCREMENT for dumped tables
--

--
-- AUTO_INCREMENT for table `category`
--
ALTER TABLE `category`
MODIFY `category_id` int(11) NOT NULL AUTO_INCREMENT,AUTO_INCREMENT=72;
--
-- AUTO_INCREMENT for table `customer`
--
ALTER TABLE `customer`
MODIFY `cust_id` int(11) NOT NULL AUTO_INCREMENT,AUTO_INCREMENT=24;
--
-- AUTO_INCREMENT for table `delivery`
--
ALTER TABLE `delivery`
MODIFY `delivery_id` int(11) NOT NULL AUTO_INCREMENT,AUTO_INCREMENT=2;
--
-- AUTO_INCREMENT for table `deliverydetails`
--
ALTER TABLE `deliverydetails`
MODIFY `deliverydetails_id` int(11) NOT NULL AUTO_INCREMENT,AUTO_INCREMENT=3;
--
-- AUTO_INCREMENT for table `deliveryset`
--
ALTER TABLE `deliveryset`
MODIFY `deliveryset_id` int(11) NOT NULL AUTO_INCREMENT;
--
-- AUTO_INCREMENT for table `employee`
--
ALTER TABLE `employee`
MODIFY `employee_id` int(11) NOT NULL AUTO_INCREMENT,AUTO_INCREMENT=3;
--
-- AUTO_INCREMENT for table `expenses`
--
ALTER TABLE `expenses`
MODIFY `id` int(11) NOT NULL AUTO_INCREMENT;
--
-- AUTO_INCREMENT for table `orders`
--
ALTER TABLE `orders`
MODIFY `order_id` int(11) NOT NULL AUTO_INCREMENT;
--
-- AUTO_INCREMENT for table `payment`
--
ALTER TABLE `payment`
MODIFY `payment_id` int(11) NOT NULL AUTO_INCREMENT,AUTO_INCREMENT=23;
--
-- AUTO_INCREMENT for table `product`
--
ALTER TABLE `product`
MODIFY `product_id` int(11) NOT NULL AUTO_INCREMENT,AUTO_INCREMENT=2523;
--
-- AUTO_INCREMENT for table `sales`
--
ALTER TABLE `sales`
MODIFY `sales_id` int(11) NOT NULL AUTO_INCREMENT,AUTO_INCREMENT=9;
--
-- AUTO_INCREMENT for table `salesdetails`
--
ALTER TABLE `salesdetails`
MODIFY `salesdetails_id` int(11) NOT NULL AUTO_INCREMENT,AUTO_INCREMENT=10;
--
-- AUTO_INCREMENT for table `supplier`
--
ALTER TABLE `supplier`
MODIFY `supplier_id` int(11) NOT NULL AUTO_INCREMENT,AUTO_INCREMENT=14;
--
-- Constraints for dumped tables
--

--
-- Constraints for table `delivery`
--
ALTER TABLE `delivery`
ADD CONSTRAINT `delivery_ibfk_1` FOREIGN KEY (`supplier_id`) REFERENCES `supplier` (`supplier_id`) ON UPDATE CASCADE;

--
-- Constraints for table `deliverydetails`
--
ALTER TABLE `deliverydetails`
ADD CONSTRAINT `deliverydetails_ibfk_1` FOREIGN KEY (`delivery_id`) REFERENCES `delivery` (`delivery_id`) ON UPDATE CASCADE,
ADD CONSTRAINT `deliverydetails_ibfk_2` FOREIGN KEY (`product_id`) REFERENCES `product` (`product_id`) ON UPDATE CASCADE;

--
-- Constraints for table `payment`
--
ALTER TABLE `payment`
ADD CONSTRAINT `payment_ibfk_1` FOREIGN KEY (`sales_id`) REFERENCES `sales` (`sales_id`) ON UPDATE CASCADE;

--
-- Constraints for table `product`
--
ALTER TABLE `product`
ADD CONSTRAINT `product_ibfk_1` FOREIGN KEY (`category_id`) REFERENCES `category` (`category_id`) ON UPDATE CASCADE,
ADD CONSTRAINT `product_ibfk_2` FOREIGN KEY (`supplier_id`) REFERENCES `supplier` (`supplier_id`) ON UPDATE CASCADE;

--
-- Constraints for table `sales`
--
ALTER TABLE `sales`
ADD CONSTRAINT `sales_ibfk_1` FOREIGN KEY (`cust_id`) REFERENCES `customer` (`cust_id`) ON UPDATE CASCADE;

--
-- Constraints for table `salesdetails`
--
ALTER TABLE `salesdetails`
ADD CONSTRAINT `salesdetails_ibfk_1` FOREIGN KEY (`sales_id`) REFERENCES `sales` (`sales_id`) ON UPDATE CASCADE,
ADD CONSTRAINT `salesdetails_ibfk_2` FOREIGN KEY (`product_id`) REFERENCES `product` (`product_id`) ON UPDATE CASCADE;

/*!40101 SET CHARACTER_SET_CLIENT=@OLD_CHARACTER_SET_CLIENT */;
/*!40101 SET CHARACTER_SET_RESULTS=@OLD_CHARACTER_SET_RESULTS */;
/*!40101 SET COLLATION_CONNECTION=@OLD_COLLATION_CONNECTION */;
